Workbook

Sheet delivery_main
A1: __row_index | B1: 膜类型 | C1: 样品编号 | D1: 膜材料 | E1: 制备方法 | F1: 水相单体 | G1: 水相单体浓度 | H1: 水相单体浓度_单位 | I1: 油相单体 | J1: 油相单体浓度 | K1: 油相单体浓度_单位 | L1: 有机溶剂 | M1: 基底 | N1: pH/碱度 | O1: pH/碱度_单位 | P1: 添加剂 | Q1: 添加剂浓度 | R1: 添加剂浓度_单位 | S1: 界面聚合时间 | T1: 界面聚合时间_单位 | U1: 反应温度 | V1: 反应温度_单位 | W1: 固化温度 | X1: 固化温度_单位 | Y1: 固化时间 | Z1: 固化时间_单位 | AA1: 改性剂 | AB1: 改性剂浓度 | AC1: 改性剂浓度_单位 | AD1: 改性时间 | AE1: 改性时间_单位 | AF1: 膜厚度 | AG1: 膜厚度_单位 | AH1: 粗糙度 | AI1: 粗糙度_单位 | AJ1: 交联度 | AK1: 交联度_单位 | AL1: 孔径 | AM1: 孔径_单位 | AN1: 表面官能团 | AO1: 表面Zeta电位 | AP1: 表面Zeta电位_单位 | AQ1: 接触角 | AR1: 接触角_单位 | AS1: 水通量 | AT1: 水通量_单位 | AU1: 盐截留 | AV1: 盐截留_单位 | AW1: 测试NaCl浓度 | AX1: 测试NaCl浓度_单位 | AY1: 通量衰减率 | AZ1: 通量衰减率_单位 | BA1: 测试压力 | BB1: 测试压力_单位 | BC1: 过滤模式 | BD1: 文件名称 | BE1: 发表年份 | BF1: DOI | BG1: 原始_溶质类型 | BH1: 标准_溶质类型 | BI1: 标准_性能数值 | BJ1: 标准_性能单位 | BK1: 性能数据类型 | BL1: 标准_IP时间(s) | BM1: 论文题目 | BN1: 水相单体_status | BO1: 油相单体_status | BP1: 添加剂_status | BQ1: 改性剂_status | BR1: 测试NaCl_status | BS1: 总review_count | BT1: 建议人工复核
A2: 0 | B2: RO | C2: PMA-GO/RO_Run3 | D2: PMA-GO modified Polyamide | E2: MA polymerization on GO functionalized RO membrane (Microwave-assisted) | F2: =IFERROR(TEXTJOIN("; ",TRUE,FILTER('concentration_review'!$Z$2:$Z$84,('concentration_review'!$A$2:$A$84=$A2)*('concentration_review'!$F$2:$F$84="水相单体"))),"") | G2: =IFERROR(TEXTJOIN("; ",TRUE,FILTER('concentration_review'!$AA$2:$AA$84,('concentration_review'!$A$2:$A$84=$A2)*('concentration_review'!$G$2:$G$84="水相单体浓度"))),"") | H2: =IFERROR(TEXTJOIN("; ",TRUE,FILTER('concentration_review'!$AB$2:$AB$84,('concentration_review'!$A$2:$A$84=$A2)*('concentration_review'!$G$2:$G$84="水相单体浓度_单位"))),"") | I2: =IFERROR(TEXTJOIN("; ",TRUE,FILTER('concentration_review'!$Z$2:$Z$84,('concentration_review'!$A$2:$A$84=$A2)*('concentration_review'!$F$2:$F$84="油相单体"))),"") | J2: =IFERROR(TEXTJOIN("; ",TRUE,FILTER('concentration_review'!$AA$2:$AA$84,('concentration_review'!$A$2:$A$84=$A2)*('concentration_review'!$G$2:$G$84="油相单体浓度"))),"") | K2: =IFERROR(TEXTJOIN("; ",TRUE,FILTER('concentration_review'!$AB$2:$AB$84,('concentration_review'!$A$2:$A$84=$A2)*('concentration_review'!$G$2:$G$84="油相单体浓度_单位"))),"") | M2: Polyamide/Polysulfone | P2: =IFERROR(TEXTJOIN("; ",TRUE,FILTER('concentration_review'!$Z$2:$Z$84,('concentration_review'!$A$2:$A$84=$A2)*('concentration_review'!$F$2:$F$84="添加剂"))),"") | Q2: =IFERROR(TEXTJOIN("; ",TRUE,FILTER('concentration_review'!$AA$2:$AA$84,('concentration_review'!$A$2:$A$84=$A2)*('concentration_review'!$G$2:$G$84="添加剂浓度"))),"") | R2: =IFERROR(TEXTJOIN("; ",TRUE,FILTER('concentration_review'!$AB$2:$AB$84,('concentration_review'!$A$2:$A$84=$A2)*('concentration_review'!$G$2:$G$84="添加剂浓度_单位"))),"") | S2: 9 | T2: s | W2: 70 | X2: ℃ | Y2: 5 | Z2: min | AA2: =IFERROR(TEXTJOIN("; ",TRUE,FILTER('concentration_review'!$Z$2:$Z$84,('concentration_review'!$A$2:$A$84=$A2)*('concentration_review'!$F$2:$F$84="改性剂"))),"") | AB2: =IFERROR(TEXTJOIN("; ",TRUE,FILTER('concentration_review'!$AA$2:$AA$84,('concentration_review'!$A$2:$A$84=$A2)*('concentration_review'!$G$2:$G$84="改性剂浓度"))),"") | AC2: =IFERROR(TEXTJOIN("; ",TRUE,FILTER('concentration_review'!$AB$2:$AB$84,('concentration_review'!$A$2:$A$84=$A2)*('concentration_review'!$G$2:$G$84="改性剂浓度_单位"))),"") | AH2: 44.77 | AI2: nm | AN2: C=O; -OH; C-H | AQ2: 18 | AR2: ° | AS2: 2.75 | AT2: L/(m²·h·bar) | AU2: 96.5 | AV2: % | AW2: =IFERROR(TEXTJOIN("; ",TRUE,FILTER('concentration_review'!$AA$2:$AA$84,('concentration_review'!$A$2:$A$84=$A2)*('concentration_review'!$G$2:$G$84="测试NaCl浓度"))),"") | AX2: =IFERROR(TEXTJOIN("; ",TRUE,FILTER('concentration_review'!$AB$2:$AB$84,('concentration_review'!$A$2:$A$84=$A2)*('concentration_review'!$G$2:$G$84="测试NaCl浓度_单位"))),"") | BA2: 25 | BB2: bar | BC2: Cross-flow | BD2: 10.1016_j.desal.2023.116372.pdf | BE2: 2023 | BF2: 10.1016/j.desal.2023.116372 | BG2: NaCl | BH2: NaCl | BI2: 0.11 | BJ2: L/(m²·h·bar) | BK2: 渗透系数(Permeance) | BL2: 9 | BM2: Effect of polymaleic acid and microwave radiations on reverse osmosis membrane's performance and properties: A response surface methodology approach | BN2: =IFERROR(TEXTJOIN("; ",TRUE,FILTER('concentration_review'!$AC$2:$AC$84,('concentration_review'!$A$2:$A$84=$A2)*('concentration_review'!$C$2:$C$84="aqueous_monomer"))),"") | BO2: =IFERROR(TEXTJOIN("; ",TRUE,FILTER('concentration_review'!$AC$2:$AC$84,('concentration_review'!$A$2:$A$84=$A2)*('concentration_review'!$C$2:$C$84="organic_monomer"))),"") | BP2: =IFERROR(TEXTJOIN("; ",TRUE,FILTER('concentration_review'!$AC$2:$AC$84,('concentration_review'!$A$2:$A$84=$A2)*('concentration_review'!$C$2:$C$84="additive"))),"") | BQ2: =IFERROR(TEXTJOIN("; ",TRUE,FILTER('concentration_review'!$AC$2:$AC$84,('concentration_review'!$A$2:$A$84=$A2)*('concentration_review'!$C$2:$C$84="modifier"))),"") | BR2: =IFERROR(TEXTJOIN("; ",TRUE,FILTER('concentration_review'!$AC$2:$AC$84,('concentration_review'!$A$2:$A$84=$A2)*('concentration_review'!$C$2:$C$84="test_nacl"))),"") | BS2: =SUMPRODUCT((--('concentration_review'!$A$2:$A$84=$A2))*('concentration_review'!$AE$2:$AE$84>0)) | BT2: =IF(=SUMPRODUCT((--('concentration_review'!$A$2:$A$84=$A2))*('concentration_review'!$AE$2:$AE$84>0))>0,1,0)
A3: 1 | B3: RO | C3: mm-BTEC | D3: Polyamide | E3: Interfacial polymerization (IP) | F3: =IFERROR(TEXTJOIN("; ",TRUE,FILTER('concentration_review'!$Z$2:$Z$84,('concentration_review'!$A$2:$A$84=$A3)*('concentration_review'!$F$2:$F$84="水相单体"))),"") | G3: =IFERROR(TEXTJOIN("; ",TRUE,FILTER('concentration_review'!$AA$2:$AA$84,('concentration_review'!$A$2:$A$84=$A3)*('concentration_review'!$G$2:$G$84="水相单体浓度"))),"") | H3: =IFERROR(TEXTJOIN("; ",TRUE,FILTER('concentration_review'!$AB$2:$AB$84,('concentration_review'!$A$2:$A$84=$A3)*('concentration_review'!$G$2:$G$84="水相单体浓度_单位"))),"") | I3: =IFERROR(TEXTJOIN("; ",TRUE,FILTER('concentration_review'!$Z$2:$Z$84,('concentration_review'!$A$2:$A$84=$A3)*('concentration_review'!$F$2:$F$84="油相单体"))),"") | J3: =IFERROR(TEXTJOIN("; ",TRUE,FILTER('concentration_review'!$AA$2:$AA$84,('concentration_review'!$A$2:$A$84=$A3)*('concentration_review'!$G$2:$G$84="油相单体浓度"))),"") | K3: =IFERROR(TEXTJOIN("; ",TRUE,FILTER('concentration_review'!$AB$2:$AB$84,('concentration_review'!$A$2:$A$84=$A3)*('concentration_review'!$G$2:$G$84="油相单体浓度_单位"))),"") | L3: Cyclohexane | M3: Polysulfone | N3: 10 | P3: =IFERROR(TEXTJOIN("; ",TRUE,FILTER('concentration_review'!$Z$2:$Z$84,('concentration_review'!$A$2:$A$84=$A3)*('concentration_review'!$F$2:$F$84="添加剂"))),"") | Q3: =IFERROR(TEXTJOIN("; ",TRUE,FILTER('concentration_review'!$AA$2:$AA$84,('concentration_review'!$A$2:$A$84=$A3)*('concentration_review'!$G$2:$G$84="添加剂浓度"))),"") | R3: =IFERROR(TEXTJOIN("; ",TRUE,FILTER('concentration_review'!$AB$2:$AB$84,('concentration_review'!$A$2:$A$84=$A3)*('concentration_review'!$G$2:$G$84="添加剂浓度_单位"))),"") | S3: 20 | T3: s | W3: 60 | X3: ℃ | AA3: =IFERROR(TEXTJOIN("; ",TRUE,FILTER('concentration_review'!$Z$2:$Z$84,('concentration_review'!$A$2:$A$84=$A3)*('concentration_review'!$F$2:$F$84="改性剂"))),"") | AB3: =IFERROR(TEXTJOIN("; ",TRUE,FILTER('concentration_review'!$AA$2:$AA$84,('concentration_review'!$A$2:$A$84=$A3)*('concentration_review'!$G$2:$G$84="改性剂浓度"))),"") | AC3: =IFERROR(TEXTJOIN("; ",TRUE,FILTER('concentration_review'!$AB$2:$AB$84,('concentration_review'!$A$2:$A$84=$A3)*('concentration_review'!$G$2:$G$84="改性剂浓度_单位"))),"") | AF3: 0.2 | AG3: µm | AH3: 147 | AI3: nm | AN3: '-NHCO-;-COOH | AQ3: 76 | AR3: ° | AS3: 31.7 | AT3: L/(m² h) | AU3: 98.4 | AV3: % | AW3: =IFERROR(TEXTJOIN("; ",TRUE,FILTER('concentration_review'!$AA$2:$AA$84,('concentration_review'!$A$2:$A$84=$A3)*('concentration_review'!$G$2:$G$84="测试NaCl浓度"))),"") | AX3: =IFERROR(TEXTJOIN("; ",TRUE,FILTER('concentration_review'!$AB$2:$AB$84,('concentration_review'!$A$2:$A$84=$A3)*('concentration_review'!$G$2:$G$84="测试NaCl浓度_单位"))),"") | BA3: 2 | BB3: MPa | BC3: Cross-flow | BD3: 10.1016_j.memsci.2008.02.022.pdf | BE3: 2008 | BF3: 10.1016/j.memsci.2008.02.022 | BG3: NaCl | BH3: NaCl | BI3: 1.585 | BJ3: L/(m²·h·bar) | BK3: 渗透系数(Permeance) | BL3: 20 | BM3: Polyamide thin film composite membranes prepared from isomeric biphenyl tetraacyl chloride and m-phenylenediamine | BN3: =IFERROR(TEXTJOIN("; ",TRUE,FILTER('concentration_review'!$AC$2:$AC$84,('concentration_review'!$A$2:$A$84=$A3)*('concentration_review'!$C$2:$C$84="aqueous_monomer"))),"") | BO3: =IFERROR(TEXTJOIN("; ",TRUE,FILTER('concentration_review'!$AC$2:$AC$84,('concentration_review'!$A$2:$A$84=$A3)*('concentration_review'!$C$2:$C$84="organic_monomer"))),"") | BP3: =IFERROR(TEXTJOIN("; ",TRUE,FILTER('concentration_review'!$AC$2:$AC$84,('concentration_review'!$A$2:$A$84=$A3)*('concentration_review'!$C$2:$C$84="additive"))),"") | BQ3: =IFERROR(TEXTJOIN("; ",TRUE,FILTER('concentration_review'!$AC$2:$AC$84,('concentration_review'!$A$2:$A$84=$A3)*('concentration_review'!$C$2:$C$84="modifier"))),"") | BR3: =IFERROR(TEXTJOIN("; ",TRUE,FILTER('concentration_review'!$AC$2:$AC$84,('concentration_review'!$A$2:$A$84=$A3)*('concentration_review'!$C$2:$C$84="test_nacl"))),"") | BS3: =SUMPRODUCT((--('concentration_review'!$A$2:$A$84=$A3))*('concentration_review'!$AE$2:$AE$84>0)) | BT3: =IF(=SUMPRODUCT((--('concentration_review'!$A$2:$A$84=$A3))*('concentration_review'!$AE$2:$AE$84>0))>0,1,0)
A4: 2 | B4: RO | C4: LIP 2 cycles | D4: Polyamide | E4: Layered interfacial polymerization | F4: =IFERROR(TEXTJOIN("; ",TRUE,FILTER('concentration_review'!$Z$2:$Z$84,('concentration_review'!$A$2:$A$84=$A4)*('concentration_review'!$F$2:$F$84="水相单体"))),"") | G4: =IFERROR(TEXTJOIN("; ",TRUE,FILTER('concentration_review'!$AA$2:$AA$84,('concentration_review'!$A$2:$A$84=$A4)*('concentration_review'!$G$2:$G$84="水相单体浓度"))),"") | H4: =IFERROR(TEXTJOIN("; ",TRUE,FILTER('concentration_review'!$AB$2:$AB$84,('concentration_review'!$A$2:$A$84=$A4)*('concentration_review'!$G$2:$G$84="水相单体浓度_单位"))),"") | I4: =IFERROR(TEXTJOIN("; ",TRUE,FILTER('concentration_review'!$Z$2:$Z$84,('concentration_review'!$A$2:$A$84=$A4)*('concentration_review'!$F$2:$F$84="油相单体"))),"") | J4: =IFERROR(TEXTJOIN("; ",TRUE,FILTER('concentration_review'!$AA$2:$AA$84,('concentration_review'!$A$2:$A$84=$A4)*('concentration_review'!$G$2:$G$84="油相单体浓度"))),"") | K4: =IFERROR(TEXTJOIN("; ",TRUE,FILTER('concentration_review'!$AB$2:$AB$84,('concentration_review'!$A$2:$A$84=$A4)*('concentration_review'!$G$2:$G$84="油相单体浓度_单位"))),"") | L4: n-hexane | M4: Hydrolyzed PAN with PEI/PAA interlayer | P4: =IFERROR(TEXTJOIN("; ",TRUE,FILTER('concentration_review'!$Z$2:$Z$84,('concentration_review'!$A$2:$A$84=$A4)*('concentration_review'!$F$2:$F$84="添加剂"))),"") | Q4: =IFERROR(TEXTJOIN("; ",TRUE,FILTER('concentration_review'!$AA$2:$AA$84,('concentration_review'!$A$2:$A$84=$A4)*('concentration_review'!$G$2:$G$84="添加剂浓度"))),"") | R4: =IFERROR(TEXTJOIN("; ",TRUE,FILTER('concentration_review'!$AB$2:$AB$84,('concentration_review'!$A$2:$A$84=$A4)*('concentration_review'!$G$2:$G$84="添加剂浓度_单位"))),"") | S4: 1 | T4: min | W4: 70 | X4: ℃ | Y4: 2 | Z4: min | AA4: =IFERROR(TEXTJOIN("; ",TRUE,FILTER('concentration_review'!$Z$2:$Z$84,('concentration_review'!$A$2:$A$84=$A4)*('concentration_review'!$F$2:$F$84="改性剂"))),"") | AB4: =IFERROR(TEXTJOIN("; ",TRUE,FILTER('concentration_review'!$AA$2:$AA$84,('concentration_review'!$A$2:$A$84=$A4)*('concentration_review'!$G$2:$G$84="改性剂浓度"))),"") | AC4: =IFERROR(TEXTJOIN("; ",TRUE,FILTER('concentration_review'!$AB$2:$AB$84,('concentration_review'!$A$2:$A$84=$A4)*('concentration_review'!$G$2:$G$84="改性剂浓度_单位"))),"") | AF4: ~21 | AG4: nm | AH4: ~6 | AI4: nm | AN4: C=O;N-H | AS4: 1.34 | AT4: L m⁻² h⁻¹ bar⁻¹ | AU4: 99 | AV4: % | AW4: =IFERROR(TEXTJOIN("; ",TRUE,FILTER('concentration_review'!$AA$2:$AA$84,('concentration_review'!$A$2:$A$84=$A4)*('concentration_review'!$G$2:$G$84="测试NaCl浓度"))),"") | AX4: =IFERROR(TEXTJOIN("; ",TRUE,FILTER('concentration_review'!$AB$2:$AB$84,('concentration_review'!$A$2:$A$84=$A4)*('concentration_review'!$G$2:$G$84="测试NaCl浓度_单位"))),"") | BA4: 15.5 | BB4: bar | BC4: Cross-flow | BD4: 10.1016_j.memsci.2016.12.066.pdf | BE4: 2017 | BF4: 10.1016/j.memsci.2016.12.066 | BG4: NaCl | BH4: NaCl | BI4: 0.0865 | BJ4: L/(m²·h·bar) | BK4: 渗透系数(Permeance) | BL4: 60 | BM4: Thin film composite reverse osmosis membranes prepared via layered interfacial polymerization | BN4: =IFERROR(TEXTJOIN("; ",TRUE,FILTER('concentration_review'!$AC$2:$AC$84,('concentration_review'!$A$2:$A$84=$A4)*('concentration_review'!$C$2:$C$84="aqueous_monomer"))),"") | BO4: =IFERROR(TEXTJOIN("; ",TRUE,FILTER('concentration_review'!$AC$2:$AC$84,('concentration_review'!$A$2:$A$84=$A4)*('concentration_review'!$C$2:$C$84="organic_monomer"))),"") | BP4: =IFERROR(TEXTJOIN("; ",TRUE,FILTER('concentration_review'!$AC$2:$AC$84,('concentration_review'!$A$2:$A$84=$A4)*('concentration_review'!$C$2:$C$84="additive"))),"") | BQ4: =IFERROR(TEXTJOIN("; ",TRUE,FILTER('concentration_review'!$AC$2:$AC$84,('concentration_review'!$A$2:$A$84=$A4)*('concentration_review'!$C$2:$C$84="modifier"))),"") | BR4: =IFERROR(TEXTJOIN("; ",TRUE,FILTER('concentration_review'!$AC$2:$AC$84,('concentration_review'!$A$2:$A$84=$A4)*('concentration_review'!$C$2:$C$84="test_nacl"))),"") | BS4: =SUMPRODUCT((--('concentration_review'!$A$2:$A$84=$A4))*('concentration_review'!$AE$2:$AE$84>0)) | BT4: =IF(=SUMPRODUCT((--('concentration_review'!$A$2:$A$84=$A4))*('concentration_review'!$AE$2:$AE$84>0))>0,1,0)
A5: 3 | B5: RO | C5: LIP 0 cycle | D5: PEI/PAA | E5: Polyelectrolyte multilayer deposition on hydrolyzed PAN | F5: =IFERROR(TEXTJOIN("; ",TRUE,FILTER('concentration_review'!$Z$2:$Z$84,('concentration_review'!$A$2:$A$84=$A5)*('concentration_review'!$F$2:$F$84="水相单体"))),"") | G5: =IFERROR(TEXTJOIN("; ",TRUE,FILTER('concentration_review'!$AA$2:$AA$84,('concentration_review'!$A$2:$A$84=$A5)*('concentration_review'!$G$2:$G$84="水相单体浓度"))),"") | H5: =IFERROR(TEXTJOIN("; ",TRUE,FILTER('concentration_review'!$AB$2:$AB$84,('concentration_review'!$A$2:$A$84=$A5)*('concentration_review'!$G$2:$G$84="水相单体浓度_单位"))),"") | I5: =IFERROR(TEXTJOIN("; ",TRUE,FILTER('concentration_review'!$Z$2:$Z$84,('concentration_review'!$A$2:$A$84=$A5)*('concentration_review'!$F$2:$F$84="油相单体"))),"") | J5: =IFERROR(TEXTJOIN("; ",TRUE,FILTER('concentration_review'!$AA$2:$AA$84,('concentration_review'!$A$2:$A$84=$A5)*('concentration_review'!$G$2:$G$84="油相单体浓度"))),"") | K5: =IFERROR(TEXTJOIN("; ",TRUE,FILTER('concentration_review'!$AB$2:$AB$84,('concentration_review'!$A$2:$A$84=$A5)*('concentration_review'!$G$2:$G$84="油相单体浓度_单位"))),"") | M5: Hydrolyzed PAN | P5: =IFERROR(TEXTJOIN("; ",TRUE,FILTER('concentration_review'!$Z$2:$Z$84,('concentration_review'!$A$2:$A$84=$A5)*('concentration_review'!$F$2:$F$84="添加剂"))),"") | Q5: =IFERROR(TEXTJOIN("; ",TRUE,FILTER('concentration_review'!$AA$2:$AA$84,('concentration_review'!$A$2:$A$84=$A5)*('concentration_review'!$G$2:$G$84="添加剂浓度"))),"") | R5: =IFERROR(TEXTJOIN("; ",TRUE,FILTER('concentration_review'!$AB$2:$AB$84,('concentration_review'!$A$2:$A$84=$A5)*('concentration_review'!$G$2:$G$84="添加剂浓度_单位"))),"") | AA5: =IFERROR(TEXTJOIN("; ",TRUE,FILTER('concentration_review'!$Z$2:$Z$84,('concentration_review'!$A$2:$A$84=$A5)*('concentration_review'!$F$2:$F$84="改性剂"))),"") | AB5: =IFERROR(TEXTJOIN("; ",TRUE,FILTER('concentration_review'!$AA$2:$AA$84,('concentration_review'!$A$2:$A$84=$A5)*('concentration_review'!$G$2:$G$84="改性剂浓度"))),"") | AC5: =IFERROR(TEXTJOIN("; ",TRUE,FILTER('concentration_review'!$AB$2:$AB$84,('concentration_review'!$A$2:$A$84=$A5)*('concentration_review'!$G$2:$G$84="改性剂浓度_单位"))),"") | AD5: 15;10 | AE5: min;min | AH5: ~8.5 | AI5: nm | AS5: 7.23 | AT5: L m⁻² h⁻¹ bar⁻¹ | AU5: 33.3 | AV5: % | AW5: =IFERROR(TEXTJOIN("; ",TRUE,FILTER('concentration_review'!$AA$2:$AA$84,('concentration_review'!$A$2:$A$84=$A5)*('concentration_review'!$G$2:$G$84="测试NaCl浓度"))),"") | AX5: =IFERROR(TEXTJOIN("; ",TRUE,FILTER('concentration_review'!$AB$2:$AB$84,('concentration_review'!$A$2:$A$84=$A5)*('concentration_review'!$G$2:$G$84="测试NaCl浓度_单位"))),"") | BA5: 15.5 | BB5: bar | BC5: Cross-flow | BD5: 10.1016_j.memsci.2016.12.066.pdf | BE5: 2017 | BF5: 10.1016/j.memsci.2016.12.066 | BG5: NaCl | BH5: NaCl | BI5: 0.4665 | BJ5: L/(m²·h·bar) | BK5: 渗透系数(Permeance) | BM5: Thin film composite reverse osmosis membranes prepared via layered interfacial polymerization | BN5: =IFERROR(TEXTJOIN("; ",TRUE,FILTER('concentration_review'!$AC$2:$AC$84,('concentration_review'!$A$2:$A$84=$A5)*('concentration_review'!$C$2:$C$84="aqueous_monomer"))),"") | BO5: =IFERROR(TEXTJOIN("; ",TRUE,FILTER('concentration_review'!$AC$2:$AC$84,('concentration_review'!$A$2:$A$84=$A5)*('concentration_review'!$C$2:$C$84="organic_monomer"))),"") | BP5: =IFERROR(TEXTJOIN("; ",TRUE,FILTER('concentration_review'!$AC$2:$AC$84,('concentration_review'!$A$2:$A$84=$A5)*('concentration_review'!$C$2:$C$84="additive"))),"") | BQ5: =IFERROR(TEXTJOIN("; ",TRUE,FILTER('concentration_review'!$AC$2:$AC$84,('concentration_review'!$A$2:$A$84=$A5)*('concentration_review'!$C$2:$C$84="modifier"))),"") | BR5: =IFERROR(TEXTJOIN("; ",TRUE,FILTER('concentration_review'!$AC$2:$AC$84,('concentration_review'!$A$2:$A$84=$A5)*('concentration_review'!$C$2:$C$84="test_nacl"))),"") | BS5: =SUMPRODUCT((--('concentration_review'!$A$2:$A$84=$A5))*('concentration_review'!$AE$2:$AE$84>0)) | BT5: =IF(=SUMPRODUCT((--('concentration_review'!$A$2:$A$84=$A5))*('concentration_review'!$AE$2:$AE$84>0))>0,1,0)
A6: 4 | B6: RO | C6: PSf/TA-RO-1.0DMC | D6: Polyamide | E6: Interfacial polymerization (IP) | F6: =IFERROR(TEXTJOIN("; ",TRUE,FILTER('concentration_review'!$Z$2:$Z$84,('concentration_review'!$A$2:$A$84=$A6)*('concentration_review'!$F$2:$F$84="水相单体"))),"") | G6: =IFERROR(TEXTJOIN("; ",TRUE,FILTER('concentration_review'!$AA$2:$AA$84,('concentration_review'!$A$2:$A$84=$A6)*('concentration_review'!$G$2:$G$84="水相单体浓度"))),"") | H6: =IFERROR(TEXTJOIN("; ",TRUE,FILTER('concentration_review'!$AB$2:$AB$84,('concentration_review'!$A$2:$A$84=$A6)*('concentration_review'!$G$2:$G$84="水相单体浓度_单位"))),"") | I6: =IFERROR(TEXTJOIN("; ",TRUE,FILTER('concentration_review'!$Z$2:$Z$84,('concentration_review'!$A$2:$A$84=$A6)*('concentration_review'!$F$2:$F$84="油相单体"))),"") | J6: =IFERROR(TEXTJOIN("; ",TRUE,FILTER('concentration_review'!$AA$2:$AA$84,('concentration_review'!$A$2:$A$84=$A6)*('concentration_review'!$G$2:$G$84="油相单体浓度"))),"") | K6: =IFERROR(TEXTJOIN("; ",TRUE,FILTER('concentration_review'!$AB$2:$AB$84,('concentration_review'!$A$2:$A$84=$A6)*('concentration_review'!$G$2:$G$84="油相单体浓度_单位"))),"") | L6: Heptane; DMC | M6: PSf | P6: =IFERROR(TEXTJOIN("; ",TRUE,FILTER('concentration_review'!$Z$2:$Z$84,('concentration_review'!$A$2:$A$84=$A6)*('concentration_review'!$F$2:$F$84="添加剂"))),"") | Q6: =IFERROR(TEXTJOIN("; ",TRUE,FILTER('concentration_review'!$AA$2:$AA$84,('concentration_review'!$A$2:$A$84=$A6)*('concentration_review'!$G$2:$G$84="添加剂浓度"))),"") | R6: =IFERROR(TEXTJOIN("; ",TRUE,FILTER('concentration_review'!$AB$2:$AB$84,('concentration_review'!$A$2:$A$84=$A6)*('concentration_review'!$G$2:$G$84="添加剂浓度_单位"))),"") | S6: 30 | T6: s | W6: 80 | X6: ℃ | Y6: 5 | Z6: min | AA6: =IFERROR(TEXTJOIN("; ",TRUE,FILTER('concentration_review'!$Z$2:$Z$84,('concentration_review'!$A$2:$A$84=$A6)*('concentration_review'!$F$2:$F$84="改性剂"))),"") | AB6: =IFERROR(TEXTJOIN("; ",TRUE,FILTER('concentration_review'!$AA$2:$AA$84,('concentration_review'!$A$2:$A$84=$A6)*('concentration_review'!$G$2:$G$84="改性剂浓度"))),"") | AC6: =IFERROR(TEXTJOIN("; ",TRUE,FILTER('concentration_review'!$AB$2:$AB$84,('concentration_review'!$A$2:$A$84=$A6)*('concentration_review'!$G$2:$G$84="改性剂浓度_单位"))),"") | AS6: 50 | AT6: L/(m²·h) | AU6: 99 | AV6: % | AW6: =IFERROR(TEXTJOIN("; ",TRUE,FILTER('concentration_review'!$AA$2:$AA$84,('concentration_review'!$A$2:$A$84=$A6)*('concentration_review'!$G$2:$G$84="测试NaCl浓度"))),"") | AX6: =IFERROR(TEXTJOIN("; ",TRUE,FILTER('concentration_review'!$AB$2:$AB$84,('concentration_review'!$A$2:$A$84=$A6)*('concentration_review'!$G$2:$G$84="测试NaCl浓度_单位"))),"") | BA6: 15.5 | BB6: bar | BC6: Cross-flow | BD6: 10.1016_j.memsci.2019.117474.pdf | BE6: 2020 | BF6: 10.1016/j.memsci.2019.117474 | BG6: NaCl | BH6: NaCl | BI6: 3.2258 | BJ6: L/(m²·h·bar) | BK6: 渗透系数(Permeance) | BL6: 30 | BM6: Combining tannic acid-modified support and a green co-solvent for high performance reverse osmosis membranes | BN6: =IFERROR(TEXTJOIN("; ",TRUE,FILTER('concentration_review'!$AC$2:$AC$84,('concentration_review'!$A$2:$A$84=$A6)*('concentration_review'!$C$2:$C$84="aqueous_monomer"))),"") | BO6: =IFERROR(TEXTJOIN("; ",TRUE,FILTER('concentration_review'!$AC$2:$AC$84,('concentration_review'!$A$2:$A$84=$A6)*('concentration_review'!$C$2:$C$84="organic_monomer"))),"") | BP6: =IFERROR(TEXTJOIN("; ",TRUE,FILTER('concentration_review'!$AC$2:$AC$84,('concentration_review'!$A$2:$A$84=$A6)*('concentration_review'!$C$2:$C$84="additive"))),"") | BQ6: =IFERROR(TEXTJOIN("; ",TRUE,FILTER('concentration_review'!$AC$2:$AC$84,('concentration_review'!$A$2:$A$84=$A6)*('concentration_review'!$C$2:$C$84="modifier"))),"") | BR6: =IFERROR(TEXTJOIN("; ",TRUE,FILTER('concentration_review'!$AC$2:$AC$84,('concentration_review'!$A$2:$A$84=$A6)*('concentration_review'!$C$2:$C$84="test_nacl"))),"") | BS6: =SUMPRODUCT((--('concentration_review'!$A$2:$A$84=$A6))*('concentration_review'!$AE$2:$AE$84>0)) | BT6: =IF(=SUMPRODUCT((--('concentration_review'!$A$2:$A$84=$A6))*('concentration_review'!$AE$2:$AE$84>0))>0,1,0)
A7: 5 | B7: RO | C7: MDOPC/OG | D7: Polyamide | E7: Interfacial polymerization (IP) | F7: =IFERROR(TEXTJOIN("; ",TRUE,FILTER('concentration_review'!$Z$2:$Z$84,('concentration_review'!$A$2:$A$84=$A7)*('concentration_review'!$F$2:$F$84="水相单体"))),"") | G7: =IFERROR(TEXTJOIN("; ",TRUE,FILTER('concentration_review'!$AA$2:$AA$84,('concentration_review'!$A$2:$A$84=$A7)*('concentration_review'!$G$2:$G$84="水相单体浓度"))),"") | H7: =IFERROR(TEXTJOIN("; ",TRUE,FILTER('concentration_review'!$AB$2:$AB$84,('concentration_review'!$A$2:$A$84=$A7)*('concentration_review'!$G$2:$G$84="水相单体浓度_单位"))),"") | I7: =IFERROR(TEXTJOIN("; ",TRUE,FILTER('concentration_review'!$Z$2:$Z$84,('concentration_review'!$A$2:$A$84=$A7)*('concentration_review'!$F$2:$F$84="油相单体"))),"") | J7: =IFERROR(TEXTJOIN("; ",TRUE,FILTER('concentration_review'!$AA$2:$AA$84,('concentration_review'!$A$2:$A$84=$A7)*('concentration_review'!$G$2:$G$84="油相单体浓度"))),"") | K7: =IFERROR(TEXTJOIN("; ",TRUE,FILTER('concentration_review'!$AB$2:$AB$84,('concentration_review'!$A$2:$A$84=$A7)*('concentration_review'!$G$2:$G$84="油相单体浓度_单位"))),"") | L7: Isopar G | M7: PSF | P7: =IFERROR(TEXTJOIN("; ",TRUE,FILTER('concentration_review'!$Z$2:$Z$84,('concentration_review'!$A$2:$A$84=$A7)*('concentration_review'!$F$2:$F$84="添加剂"))),"") | Q7: =IFERROR(TEXTJOIN("; ",TRUE,FILTER('concentration_review'!$AA$2:$AA$84,('concentration_review'!$A$2:$A$84=$A7)*('concentration_review'!$G$2:$G$84="添加剂浓度"))),"") | R7: =IFERROR(TEXTJOIN("; ",TRUE,FILTER('concentration_review'!$AB$2:$AB$84,('concentration_review'!$A$2:$A$84=$A7)*('concentration_review'!$G$2:$G$84="添加剂浓度_单位"))),"") | S7: 1 | T7: min | W7: 90 | X7: ℃ | Y7: 6 | Z7: min | AA7: =IFERROR(TEXTJOIN("; ",TRUE,FILTER('concentration_review'!$Z$2:$Z$84,('concentration_review'!$A$2:$A$84=$A7)*('concentration_review'!$F$2:$F$84="改性剂"))),"") | AB7: =IFERROR(TEXTJOIN("; ",TRUE,FILTER('concentration_review'!$AA$2:$AA$84,('concentration_review'!$A$2:$A$84=$A7)*('concentration_review'!$G$2:$G$84="改性剂浓度"))),"") | AC7: =IFERROR(TEXTJOIN("; ",TRUE,FILTER('concentration_review'!$AB$2:$AB$84,('concentration_review'!$A$2:$A$84=$A7)*('concentration_review'!$G$2:$G$84="改性剂浓度_单位"))),"") | AF7: 262 | AG7: nm | AH7: 2.26 | AS7: 2.4 | AT7: L/(m²·h·bar) | AU7: 99 | AV7: % | AW7: =IFERROR(TEXTJOIN("; ",TRUE,FILTER('concentration_review'!$AA$2:$AA$84,('concentration_review'!$A$2:$A$84=$A7)*('concentration_review'!$G$2:$G$84="测试NaCl浓度"))),"") | AX7: =IFERROR(TEXTJOIN("; ",TRUE,FILTER('concentration_review'!$AB$2:$AB$84,('concentration_review'!$A$2:$A$84=$A7)*('concentration_review'!$G$2:$G$84="测试NaCl浓度_单位"))),"") | BA7: 50 | BB7: bar | BC7: Cross-flow | BD7: 10.1021_acs.est.1c08857.pdf | BE7: 2022 | BF7: 10.1021/acs.est.1c08857 | BG7: NaCl | BH7: NaCl | BI7: 0.048 | BJ7: L/(m²·h·bar) | BK7: 渗透系数(Permeance) | BL7: 60 | BM7: Proteoliposome-Incorporated Seawater Reverse Osmosis Polyamide Membrane: Is the Aquaporin Water Channel Effect in Improving Membrane Performance Overestimated? | BN7: =IFERROR(TEXTJOIN("; ",TRUE,FILTER('concentration_review'!$AC$2:$AC$84,('concentration_review'!$A$2:$A$84=$A7)*('concentration_review'!$C$2:$C$84="aqueous_monomer"))),"") | BO7: =IFERROR(TEXTJOIN("; ",TRUE,FILTER('concentration_review'!$AC$2:$AC$84,('concentration_review'!$A$2:$A$84=$A7)*('concentration_review'!$C$2:$C$84="organic_monomer"))),"") | BP7: =IFERROR(TEXTJOIN("; ",TRUE,FILTER('concentration_review'!$AC$2:$AC$84,('concentration_review'!$A$2:$A$84=$A7)*('concentration_review'!$C$2:$C$84="additive"))),"") | BQ7: =IFERROR(TEXTJOIN("; ",TRUE,FILTER('concentration_review'!$AC$2:$AC$84,('concentration_review'!$A$2:$A$84=$A7)*('concentration_review'!$C$2:$C$84="modifier"))),"") | BR7: =IFERROR(TEXTJOIN("; ",TRUE,FILTER('concentration_review'!$AC$2:$AC$84,('concentration_review'!$A$2:$A$84=$A7)*('concentration_review'!$C$2:$C$84="test_nacl"))),"") | BS7: =SUMPRODUCT((--('concentration_review'!$A$2:$A$84=$A7))*('concentration_review'!$AE$2:$AE$84>0)) | BT7: =IF(=SUMPRODUCT((--('concentration_review'!$A$2:$A$84=$A7))*('concentration_review'!$AE$2:$AE$84>0))>0,1,0)
A8: 6 | B8: RO | C8: TFC-toluene | D8: Polyamide | E8: Interfacial polymerization (IP) | F8: =IFERROR(TEXTJOIN("; ",TRUE,FILTER('concentration_review'!$Z$2:$Z$84,('concentration_review'!$A$2:$A$84=$A8)*('concentration_review'!$F$2:$F$84="水相单体"))),"") | G8: =IFERROR(TEXTJOIN("; ",TRUE,FILTER('concentration_review'!$AA$2:$AA$84,('concentration_review'!$A$2:$A$84=$A8)*('concentration_review'!$G$2:$G$84="水相单体浓度"))),"") | H8: =IFERROR(TEXTJOIN("; ",TRUE,FILTER('concentration_review'!$AB$2:$AB$84,('concentration_review'!$A$2:$A$84=$A8)*('concentration_review'!$G$2:$G$84="水相单体浓度_单位"))),"") | I8: =IFERROR(TEXTJOIN("; ",TRUE,FILTER('concentration_review'!$Z$2:$Z$84,('concentration_review'!$A$2:$A$84=$A8)*('concentration_review'!$F$2:$F$84="油相单体"))),"") | J8: =IFERROR(TEXTJOIN("; ",TRUE,FILTER('concentration_review'!$AA$2:$AA$84,('concentration_review'!$A$2:$A$84=$A8)*('concentration_review'!$G$2:$G$84="油相单体浓度"))),"") | K8: =IFERROR(TEXTJOIN("; ",TRUE,FILTER('concentration_review'!$AB$2:$AB$84,('concentration_review'!$A$2:$A$84=$A8)*('concentration_review'!$G$2:$G$84="油相单体浓度_单位"))),"") | L8: n-hexane | M8: PSf | P8: =IFERROR(TEXTJOIN("; ",TRUE,FILTER('concentration_review'!$Z$2:$Z$84,('concentration_review'!$A$2:$A$84=$A8)*('concentration_review'!$F$2:$F$84="添加剂"))),"") | Q8: =IFERROR(TEXTJOIN("; ",TRUE,FILTER('concentration_review'!$AA$2:$AA$84,('concentration_review'!$A$2:$A$84=$A8)*('concentration_review'!$G$2:$G$84="添加剂浓度"))),"") | R8: =IFERROR(TEXTJOIN("; ",TRUE,FILTER('concentration_review'!$AB$2:$AB$84,('concentration_review'!$A$2:$A$84=$A8)*('concentration_review'!$G$2:$G$84="添加剂浓度_单位"))),"") | S8: 1 | T8: min | U8: ~25 | V8: °C | W8: 50 | X8: °C | Y8: 10 | Z8: min | AA8: =IFERROR(TEXTJOIN("; ",TRUE,FILTER('concentration_review'!$Z$2:$Z$84,('concentration_review'!$A$2:$A$84=$A8)*('concentration_review'!$F$2:$F$84="改性剂"))),"") | AB8: =IFERROR(TEXTJOIN("; ",TRUE,FILTER('concentration_review'!$AA$2:$AA$84,('concentration_review'!$A$2:$A$84=$A8)*('concentration_review'!$G$2:$G$84="改性剂浓度"))),"") | AC8: =IFERROR(TEXTJOIN("; ",TRUE,FILTER('concentration_review'!$AB$2:$AB$84,('concentration_review'!$A$2:$A$84=$A8)*('concentration_review'!$G$2:$G$84="改性剂浓度_单位"))),"") | AF8: 248 | AG8: nm | AH8: 61.5 | AI8: nm | AL8: 0.06 | AM8: Void fraction | AO8: -32.3 | AP8: mV | AQ8: 72.4 | AR8: ° | AS8: 1.89 | AT8: L/(m²·h·bar) | AU8: 99.3 | AV8: % | AW8: =IFERROR(TEXTJOIN("; ",TRUE,FILTER('concentration_review'!$AA$2:$AA$84,('concentration_review'!$A$2:$A$84=$A8)*('concentration_review'!$G$2:$G$84="测试NaCl浓度"))),"") | AX8: =IFERROR(TEXTJOIN("; ",TRUE,FILTER('concentration_review'!$AB$2:$AB$84,('concentration_review'!$A$2:$A$84=$A8)*('concentration_review'!$G$2:$G$84="测试NaCl浓度_单位"))),"") | BA8: 15.5 | BB8: bar | BC8: Cross-flow | BD8: 10.1021_acs.est.2c01140.pdf | BE8: 2022 | BF8: 10.1021/acs.est.2c01140 | BG8: NaCl | BH8: NaCl | BI8: 0.1219 | BJ8: L/(m²·h·bar) | BK8: 渗透系数(Permeance) | BL8: 60 | BM8: Cosolvent-Assisted Interfacial Polymerization toward Regulating the Morphology and Performance of Polyamide Reverse Osmosis Membranes: Increased m-Phenylenediamine Solubility or Enhanced Interfacial Vaporization? | BN8: =IFERROR(TEXTJOIN("; ",TRUE,FILTER('concentration_review'!$AC$2:$AC$84,('concentration_review'!$A$2:$A$84=$A8)*('concentration_review'!$C$2:$C$84="aqueous_monomer"))),"") | BO8: =IFERROR(TEXTJOIN("; ",TRUE,FILTER('concentration_review'!$AC$2:$AC$84,('concentration_review'!$A$2:$A$84=$A8)*('concentration_review'!$C$2:$C$84="organic_monomer"))),"") | BP8: =IFERROR(TEXTJOIN("; ",TRUE,FILTER('concentration_review'!$AC$2:$AC$84,('concentration_review'!$A$2:$A$84=$A8)*('concentration_review'!$C$2:$C$84="additive"))),"") | BQ8: =IFERROR(TEXTJOIN("; ",TRUE,FILTER('concentration_review'!$AC$2:$AC$84,('concentration_review'!$A$2:$A$84=$A8)*('concentration_review'!$C$2:$C$84="modifier"))),"") | BR8: =IFERROR(TEXTJOIN("; ",TRUE,FILTER('concentration_review'!$AC$2:$AC$84,('concentration_review'!$A$2:$A$84=$A8)*('concentration_review'!$C$2:$C$84="test_nacl"))),"") | BS8: =SUMPRODUCT((--('concentration_review'!$A$2:$A$84=$A8))*('concentration_review'!$AE$2:$AE$84>0)) | BT8: =IF(=SUMPRODUCT((--('concentration_review'!$A$2:$A$84=$A8))*('concentration_review'!$AE$2:$AE$84>0))>0,1,0)
A9: 7 | B9: NF; RO | C9: PVA-PVS-Stirred-NaCl-10mM-5bar | D9: Polyelectrolyte (PVA/PVS) | E9: Layer-by-Layer Assembly | F9: =IFERROR(TEXTJOIN("; ",TRUE,FILTER('concentration_review'!$Z$2:$Z$84,('concentration_review'!$A$2:$A$84=$A9)*('concentration_review'!$F$2:$F$84="水相单体"))),"") | G9: =IFERROR(TEXTJOIN("; ",TRUE,FILTER('concentration_review'!$AA$2:$AA$84,('concentration_review'!$A$2:$A$84=$A9)*('concentration_review'!$G$2:$G$84="水相单体浓度"))),"") | H9: =IFERROR(TEXTJOIN("; ",TRUE,FILTER('concentration_review'!$AB$2:$AB$84,('concentration_review'!$A$2:$A$84=$A9)*('concentration_review'!$G$2:$G$84="水相单体浓度_单位"))),"") | I9: =IFERROR(TEXTJOIN("; ",TRUE,FILTER('concentration_review'!$Z$2:$Z$84,('concentration_review'!$A$2:$A$84=$A9)*('concentration_review'!$F$2:$F$84="油相单体"))),"") | J9: =IFERROR(TEXTJOIN("; ",TRUE,FILTER('concentration_review'!$AA$2:$AA$84,('concentration_review'!$A$2:$A$84=$A9)*('concentration_review'!$G$2:$G$84="油相单体浓度"))),"") | K9: =IFERROR(TEXTJOIN("; ",TRUE,FILTER('concentration_review'!$AB$2:$AB$84,('concentration_review'!$A$2:$A$84=$A9)*('concentration_review'!$G$2:$G$84="油相单体浓度_单位"))),"") | M9: PAN/PET | N9: 1.7 | P9: =IFERROR(TEXTJOIN("; ",TRUE,FILTER('concentration_review'!$Z$2:$Z$84,('concentration_review'!$A$2:$A$84=$A9)*('concentration_review'!$F$2:$F$84="添加剂"))),"") | Q9: =IFERROR(TEXTJOIN("; ",TRUE,FILTER('concentration_review'!$AA$2:$AA$84,('concentration_review'!$A$2:$A$84=$A9)*('concentration_review'!$G$2:$G$84="添加剂浓度"))),"") | R9: =IFERROR(TEXTJOIN("; ",TRUE,FILTER('concentration_review'!$AB$2:$AB$84,('concentration_review'!$A$2:$A$84=$A9)*('concentration_review'!$G$2:$G$84="添加剂浓度_单位"))),"") | S9: '20-30 | T9: min/layer | U9: 20 | V9: °C | AA9: =IFERROR(TEXTJOIN("; ",TRUE,FILTER('concentration_review'!$Z$2:$Z$84,('concentration_review'!$A$2:$A$84=$A9)*('concentration_review'!$F$2:$F$84="改性剂"))),"") | AB9: =IFERROR(TEXTJOIN("; ",TRUE,FILTER('concentration_review'!$AA$2:$AA$84,('concentration_review'!$A$2:$A$84=$A9)*('concentration_review'!$G$2:$G$84="改性剂浓度"))),"") | AC9: =IFERROR(TEXTJOIN("; ",TRUE,FILTER('concentration_review'!$AB$2:$AB$84,('concentration_review'!$A$2:$A$84=$A9)*('concentration_review'!$G$2:$G$84="改性剂浓度_单位"))),"") | AF9: 60 bilayers | AS9: 0.55 | AT9: L/(m²·h) | AU9: 84 | AW9: =IFERROR(TEXTJOIN("; ",TRUE,FILTER('concentration_review'!$AA$2:$AA$84,('concentration_review'!$A$2:$A$84=$A9)*('concentration_review'!$G$2:$G$84="测试NaCl浓度"))),"") | AX9: =IFERROR(TEXTJOIN("; ",TRUE,FILTER('concentration_review'!$AB$2:$AB$84,('concentration_review'!$A$2:$A$84=$A9)*('concentration_review'!$G$2:$G$84="测试NaCl浓度_单位"))),"") | BA9: 5 | BB9: bar | BC9: Stirred | BD9: jin2003.pdf | BE9: 2003 | BF9: 10.1021/la020926f | BG9: NaCl | BH9: NaCl | BI9: 0.11 | BJ9: L/(m²·h·bar) | BK9: 渗透系数(Permeance) | BM9: Use of Polyelectrolyte Layer-by-Layer Assemblies as Nanofiltration and Reverse Osmosis Membranes | BN9: =IFERROR(TEXTJOIN("; ",TRUE,FILTER('concentration_review'!$AC$2:$AC$84,('concentration_review'!$A$2:$A$84=$A9)*('concentration_review'!$C$2:$C$84="aqueous_monomer"))),"") | BO9: =IFERROR(TEXTJOIN("; ",TRUE,FILTER('concentration_review'!$AC$2:$AC$84,('concentration_review'!$A$2:$A$84=$A9)*('concentration_review'!$C$2:$C$84="organic_monomer"))),"") | BP9: =IFERROR(TEXTJOIN("; ",TRUE,FILTER('concentration_review'!$AC$2:$AC$84,('concentration_review'!$A$2:$A$84=$A9)*('concentration_review'!$C$2:$C$84="additive"))),"") | BQ9: =IFERROR(TEXTJOIN("; ",TRUE,FILTER('concentration_review'!$AC$2:$AC$84,('concentration_review'!$A$2:$A$84=$A9)*('concentration_review'!$C$2:$C$84="modifier"))),"") | BR9: =IFERROR(TEXTJOIN("; ",TRUE,FILTER('concentration_review'!$AC$2:$AC$84,('concentration_review'!$A$2:$A$84=$A9)*('concentration_review'!$C$2:$C$84="test_nacl"))),"") | BS9: =SUMPRODUCT((--('concentration_review'!$A$2:$A$84=$A9))*('concentration_review'!$AE$2:$AE$84>0)) | BT9: =IF(=SUMPRODUCT((--('concentration_review'!$A$2:$A$84=$A9))*('concentration_review'!$AE$2:$AE$84>0))>0,1,0)
A10: 8 | B10: RO | C10: Lysozyme-immobilized Polyamide RO membrane | D10: Polyamide | E10: Interfacial polymerization; Surface modification; Enzyme immobilization | F10: =IFERROR(TEXTJOIN("; ",TRUE,FILTER('concentration_review'!$Z$2:$Z$84,('concentration_review'!$A$2:$A$84=$A10)*('concentration_review'!$F$2:$F$84="水相单体"))),"") | G10: =IFERROR(TEXTJOIN("; ",TRUE,FILTER('concentration_review'!$AA$2:$AA$84,('concentration_review'!$A$2:$A$84=$A10)*('concentration_review'!$G$2:$G$84="水相单体浓度"))),"") | H10: =IFERROR(TEXTJOIN("; ",TRUE,FILTER('concentration_review'!$AB$2:$AB$84,('concentration_review'!$A$2:$A$84=$A10)*('concentration_review'!$G$2:$G$84="水相单体浓度_单位"))),"") | I10: =IFERROR(TEXTJOIN("; ",TRUE,FILTER('concentration_review'!$Z$2:$Z$84,('concentration_review'!$A$2:$A$84=$A10)*('concentration_review'!$F$2:$F$84="油相单体"))),"") | J10: =IFERROR(TEXTJOIN("; ",TRUE,FILTER('concentration_review'!$AA$2:$AA$84,('concentration_review'!$A$2:$A$84=$A10)*('concentration_review'!$G$2:$G$84="油相单体浓度"))),"") | K10: =IFERROR(TEXTJOIN("; ",TRUE,FILTER('concentration_review'!$AB$2:$AB$84,('concentration_review'!$A$2:$A$84=$A10)*('concentration_review'!$G$2:$G$84="油相单体浓度_单位"))),"") | L10: n-hexane | M10: Polysulfone | N10: 8 | P10: =IFERROR(TEXTJOIN("; ",TRUE,FILTER('concentration_review'!$Z$2:$Z$84,('concentration_review'!$A$2:$A$84=$A10)*('concentration_review'!$F$2:$F$84="添加剂"))),"") | Q10: =IFERROR(TEXTJOIN("; ",TRUE,FILTER('concentration_review'!$AA$2:$AA$84,('concentration_review'!$A$2:$A$84=$A10)*('concentration_review'!$G$2:$G$84="添加剂浓度"))),"") | R10: =IFERROR(TEXTJOIN("; ",TRUE,FILTER('concentration_review'!$AB$2:$AB$84,('concentration_review'!$A$2:$A$84=$A10)*('concentration_review'!$G$2:$G$84="添加剂浓度_单位"))),"") | S10: 1 | T10: min | U10: 4 | V10: ℃ | W10: 80 | X10: ℃ | Y10: 5 | Z10: min | AA10: =IFERROR(TEXTJOIN("; ",TRUE,FILTER('concentration_review'!$Z$2:$Z$84,('concentration_review'!$A$2:$A$84=$A10)*('concentration_review'!$F$2:$F$84="改性剂"))),"") | AB10: =IFERROR(TEXTJOIN("; ",TRUE,FILTER('concentration_review'!$AA$2:$AA$84,('concentration_review'!$A$2:$A$84=$A10)*('concentration_review'!$G$2:$G$84="改性剂浓度"))),"") | AC10: =IFERROR(TEXTJOIN("; ",TRUE,FILTER('concentration_review'!$AB$2:$AB$84,('concentration_review'!$A$2:$A$84=$A10)*('concentration_review'!$G$2:$G$84="改性剂浓度_单位"))),"") | AD10: 5; 30; 24 | AE10: min; min; h | AO10: 7.5 | AP10: mV | AQ10: 31.3 | AR10: ° | AS10: 0.4 | AT10: m³/(m² day) | AU10: 92 | AV10: % | AW10: =IFERROR(TEXTJOIN("; ",TRUE,FILTER('concentration_review'!$AA$2:$AA$84,('concentration_review'!$A$2:$A$84=$A10)*('concentration_review'!$G$2:$G$84="测试NaCl浓度"))),"") | AX10: =IFERROR(TEXTJOIN("; ",TRUE,FILTER('concentration_review'!$AB$2:$AB$84,('concentration_review'!$A$2:$A$84=$A10)*('concentration_review'!$G$2:$G$84="测试NaCl浓度_单位"))),"") | AY10: 30 | AZ10: % | BA10: 0.75 | BB10: MPa | BC10: Cross-flow | BD10: Saeki et al_2013_Development of antibacterial polyamide reverse osmosis membrane modified with a.pdf | BE10: 2013 | BF10: 10.1016/j.memsci.2012.10.038 | BG10: NaCl | BH10: NaCl | BI10: 0.0533 | BJ10: L/(m²·h·bar) | BK10: 渗透系数(Permeance) | BL10: 60 | BM10: Development of antibacterial polyamide reverse osmosis membrane modified with a covalently immobilized enzyme | BN10: =IFERROR(TEXTJOIN("; ",TRUE,FILTER('concentration_review'!$AC$2:$AC$84,('concentration_review'!$A$2:$A$84=$A10)*('concentration_review'!$C$2:$C$84="aqueous_monomer"))),"") | BO10: =IFERROR(TEXTJOIN("; ",TRUE,FILTER('concentration_review'!$AC$2:$AC$84,('concentration_review'!$A$2:$A$84=$A10)*('concentration_review'!$C$2:$C$84="organic_monomer"))),"") | BP10: =IFERROR(TEXTJOIN("; ",TRUE,FILTER('concentration_review'!$AC$2:$AC$84,('concentration_review'!$A$2:$A$84=$A10)*('concentration_review'!$C$2:$C$84="additive"))),"") | BQ10: =IFERROR(TEXTJOIN("; ",TRUE,FILTER('concentration_review'!$AC$2:$AC$84,('concentration_review'!$A$2:$A$84=$A10)*('concentration_review'!$C$2:$C$84="modifier"))),"") | BR10: =IFERROR(TEXTJOIN("; ",TRUE,FILTER('concentration_review'!$AC$2:$AC$84,('concentration_review'!$A$2:$A$84=$A10)*('concentration_review'!$C$2:$C$84="test_nacl"))),"") | BS10: =SUMPRODUCT((--('concentration_review'!$A$2:$A$84=$A10))*('concentration_review'!$AE$2:$AE$84>0)) | BT10: =IF(=SUMPRODUCT((--('concentration_review'!$A$2:$A$84=$A10))*('concentration_review'!$AE$2:$AE$84>0))>0,1,0)
A11: 9 | B11: RO | C11: 15CC3@RO | D11: Polyamide | E11: Interfacial polymerization (IP) | F11: =IFERROR(TEXTJOIN("; ",TRUE,FILTER('concentration_review'!$Z$2:$Z$84,('concentration_review'!$A$2:$A$84=$A11)*('concentration_review'!$F$2:$F$84="水相单体"))),"") | G11: =IFERROR(TEXTJOIN("; ",TRUE,FILTER('concentration_review'!$AA$2:$AA$84,('concentration_review'!$A$2:$A$84=$A11)*('concentration_review'!$G$2:$G$84="水相单体浓度"))),"") | H11: =IFERROR(TEXTJOIN("; ",TRUE,FILTER('concentration_review'!$AB$2:$AB$84,('concentration_review'!$A$2:$A$84=$A11)*('concentration_review'!$G$2:$G$84="水相单体浓度_单位"))),"") | I11: =IFERROR(TEXTJOIN("; ",TRUE,FILTER('concentration_review'!$Z$2:$Z$84,('concentration_review'!$A$2:$A$84=$A11)*('concentration_review'!$F$2:$F$84="油相单体"))),"") | J11: =IFERROR(TEXTJOIN("; ",TRUE,FILTER('concentration_review'!$AA$2:$AA$84,('concentration_review'!$A$2:$A$84=$A11)*('concentration_review'!$G$2:$G$84="油相单体浓度"))),"") | K11: =IFERROR(TEXTJOIN("; ",TRUE,FILTER('concentration_review'!$AB$2:$AB$84,('concentration_review'!$A$2:$A$84=$A11)*('concentration_review'!$G$2:$G$84="油相单体浓度_单位"))),"") | L11: n-Heptane;Dichloromethane | M11: Polysulfone | P11: =IFERROR(TEXTJOIN("; ",TRUE,FILTER('concentration_review'!$Z$2:$Z$84,('concentration_review'!$A$2:$A$84=$A11)*('concentration_review'!$F$2:$F$84="添加剂"))),"") | Q11: =IFERROR(TEXTJOIN("; ",TRUE,FILTER('concentration_review'!$AA$2:$AA$84,('concentration_review'!$A$2:$A$84=$A11)*('concentration_review'!$G$2:$G$84="添加剂浓度"))),"") | R11: =IFERROR(TEXTJOIN("; ",TRUE,FILTER('concentration_review'!$AB$2:$AB$84,('concentration_review'!$A$2:$A$84=$A11)*('concentration_review'!$G$2:$G$84="添加剂浓度_单位"))),"") | S11: 10 | T11: min | W11: 80 | X11: °C | Y11: 5 | Z11: min | AA11: =IFERROR(TEXTJOIN("; ",TRUE,FILTER('concentration_review'!$Z$2:$Z$84,('concentration_review'!$A$2:$A$84=$A11)*('concentration_review'!$F$2:$F$84="改性剂"))),"") | AB11: =IFERROR(TEXTJOIN("; ",TRUE,FILTER('concentration_review'!$AA$2:$AA$84,('concentration_review'!$A$2:$A$84=$A11)*('concentration_review'!$G$2:$G$84="改性剂浓度"))),"") | AC11: =IFERROR(TEXTJOIN("; ",TRUE,FILTER('concentration_review'!$AB$2:$AB$84,('concentration_review'!$A$2:$A$84=$A11)*('concentration_review'!$G$2:$G$84="改性剂浓度_单位"))),"") | AN11: C=O;N-H;-N=C | AS11: 122.1 | AT11: L/(m²·h) | AU11: 95.97 | AV11: % | AW11: =IFERROR(TEXTJOIN("; ",TRUE,FILTER('concentration_review'!$AA$2:$AA$84,('concentration_review'!$A$2:$A$84=$A11)*('concentration_review'!$G$2:$G$84="测试NaCl浓度"))),"") | AX11: =IFERROR(TEXTJOIN("; ",TRUE,FILTER('concentration_review'!$AB$2:$AB$84,('concentration_review'!$A$2:$A$84=$A11)*('concentration_review'!$G$2:$G$84="测试NaCl浓度_单位"))),"") | BA11: 15.5 | BB11: bar | BC11: Cross-flow | BD11: Yao et al_2025_High performance reverse osmosis membrane with a separation layer consisting of.pdf | BE11: 2025 | BF11: 10.1016/j.desal.2024.118190 | BG11: NaCl | BH11: NaCl | BI11: 7.8774 | BJ11: L/(m²·h·bar) | BK11: 渗透系数(Permeance) | BL11: 600 | BM11: High performance reverse osmosis membrane with a separation layer consisting of highly selective polyamide networks and porous organic cages | BN11: =IFERROR(TEXTJOIN("; ",TRUE,FILTER('concentration_review'!$AC$2:$AC$84,('concentration_review'!$A$2:$A$84=$A11)*('concentration_review'!$C$2:$C$84="aqueous_monomer"))),"") | BO11: =IFERROR(TEXTJOIN("; ",TRUE,FILTER('concentration_review'!$AC$2:$AC$84,('concentration_review'!$A$2:$A$84=$A11)*('concentration_review'!$C$2:$C$84="organic_monomer"))),"") | BP11: =IFERROR(TEXTJOIN("; ",TRUE,FILTER('concentration_review'!$AC$2:$AC$84,('concentration_review'!$A$2:$A$84=$A11)*('concentration_review'!$C$2:$C$84="additive"))),"") | BQ11: =IFERROR(TEXTJOIN("; ",TRUE,FILTER('concentration_review'!$AC$2:$AC$84,('concentration_review'!$A$2:$A$84=$A11)*('concentration_review'!$C$2:$C$84="modifier"))),"") | BR11: =IFERROR(TEXTJOIN("; ",TRUE,FILTER('concentration_review'!$AC$2:$AC$84,('concentration_review'!$A$2:$A$84=$A11)*('concentration_review'!$C$2:$C$84="test_nacl"))),"") | BS11: =SUMPRODUCT((--('concentration_review'!$A$2:$A$84=$A11))*('concentration_review'!$AE$2:$AE$84>0)) | BT11: =IF(=SUMPRODUCT((--('concentration_review'!$A$2:$A$84=$A11))*('concentration_review'!$AE$2:$AE$84>0))>0,1,0)
A12: 10 | B12: RO | C12: TFCM0.5 | D12: Polyamide | E12: Interfacial polymerization (IP) | F12: =IFERROR(TEXTJOIN("; ",TRUE,FILTER('concentration_review'!$Z$2:$Z$84,('concentration_review'!$A$2:$A$84=$A12)*('concentration_review'!$F$2:$F$84="水相单体"))),"") | G12: =IFERROR(TEXTJOIN("; ",TRUE,FILTER('concentration_review'!$AA$2:$AA$84,('concentration_review'!$A$2:$A$84=$A12)*('concentration_review'!$G$2:$G$84="水相单体浓度"))),"") | H12: =IFERROR(TEXTJOIN("; ",TRUE,FILTER('concentration_review'!$AB$2:$AB$84,('concentration_review'!$A$2:$A$84=$A12)*('concentration_review'!$G$2:$G$84="水相单体浓度_单位"))),"") | I12: =IFERROR(TEXTJOIN("; ",TRUE,FILTER('concentration_review'!$Z$2:$Z$84,('concentration_review'!$A$2:$A$84=$A12)*('concentration_review'!$F$2:$F$84="油相单体"))),"") | J12: =IFERROR(TEXTJOIN("; ",TRUE,FILTER('concentration_review'!$AA$2:$AA$84,('concentration_review'!$A$2:$A$84=$A12)*('concentration_review'!$G$2:$G$84="油相单体浓度"))),"") | K12: =IFERROR(TEXTJOIN("; ",TRUE,FILTER('concentration_review'!$AB$2:$AB$84,('concentration_review'!$A$2:$A$84=$A12)*('concentration_review'!$G$2:$G$84="油相单体浓度_单位"))),"") | L12: n-hexane | M12: PSF | P12: =IFERROR(TEXTJOIN("; ",TRUE,FILTER('concentration_review'!$Z$2:$Z$84,('concentration_review'!$A$2:$A$84=$A12)*('concentration_review'!$F$2:$F$84="添加剂"))),"") | Q12: =IFERROR(TEXTJOIN("; ",TRUE,FILTER('concentration_review'!$AA$2:$AA$84,('concentration_review'!$A$2:$A$84=$A12)*('concentration_review'!$G$2:$G$84="添加剂浓度"))),"") | R12: =IFERROR(TEXTJOIN("; ",TRUE,FILTER('concentration_review'!$AB$2:$AB$84,('concentration_review'!$A$2:$A$84=$A12)*('concentration_review'!$G$2:$G$84="添加剂浓度_单位"))),"") | S12: 30 | T12: s | W12: 60 | X12: ℃ | Y12: 2 | Z12: min | AA12: =IFERROR(TEXTJOIN("; ",TRUE,FILTER('concentration_review'!$Z$2:$Z$84,('concentration_review'!$A$2:$A$84=$A12)*('concentration_review'!$F$2:$F$84="改性剂"))),"") | AB12: =IFERROR(TEXTJOIN("; ",TRUE,FILTER('concentration_review'!$AA$2:$AA$84,('concentration_review'!$A$2:$A$84=$A12)*('concentration_review'!$G$2:$G$84="改性剂浓度"))),"") | AC12: =IFERROR(TEXTJOIN("; ",TRUE,FILTER('concentration_review'!$AB$2:$AB$84,('concentration_review'!$A$2:$A$84=$A12)*('concentration_review'!$G$2:$G$84="改性剂浓度_单位"))),"") | AS12: 2 | AT12: L/(m²·h·bar) | AU12: 90 | AV12: % | AW12: =IFERROR(TEXTJOIN("; ",TRUE,FILTER('concentration_review'!$AA$2:$AA$84,('concentration_review'!$A$2:$A$84=$A12)*('concentration_review'!$G$2:$G$84="测试NaCl浓度"))),"") | AX12: =IFERROR(TEXTJOIN("; ",TRUE,FILTER('concentration_review'!$AB$2:$AB$84,('concentration_review'!$A$2:$A$84=$A12)*('concentration_review'!$G$2:$G$84="测试NaCl浓度_单位"))),"") | BA12: 15 | BB12: bar | BC12: Cross-flow | BD12: Fei et al_2022_Imidazole assisted molecular-scale regulation of polyamide for preparing.pdf | BE12: 2022 | BF12: 10.1016/j.jece.2022.108146 | BG12: NaCl | BH12: NaCl | BI12: 0.1333 | BJ12: L/(m²·h·bar) | BK12: 渗透系数(Permeance) | BL12: 30 | BM12: Imidazole assisted molecular-scale regulation of polyamide for preparing reverse osmosis membrane with enhanced water permeance | BN12: =IFERROR(TEXTJOIN("; ",TRUE,FILTER('concentration_review'!$AC$2:$AC$84,('concentration_review'!$A$2:$A$84=$A12)*('concentration_review'!$C$2:$C$84="aqueous_monomer"))),"") | BO12: =IFERROR(TEXTJOIN("; ",TRUE,FILTER('concentration_review'!$AC$2:$AC$84,('concentration_review'!$A$2:$A$84=$A12)*('concentration_review'!$C$2:$C$84="organic_monomer"))),"") | BP12: =IFERROR(TEXTJOIN("; ",TRUE,FILTER('concentration_review'!$AC$2:$AC$84,('concentration_review'!$A$2:$A$84=$A12)*('concentration_review'!$C$2:$C$84="additive"))),"") | BQ12: =IFERROR(TEXTJOIN("; ",TRUE,FILTER('concentration_review'!$AC$2:$AC$84,('concentration_review'!$A$2:$A$84=$A12)*('concentration_review'!$C$2:$C$84="modifier"))),"") | BR12: =IFERROR(TEXTJOIN("; ",TRUE,FILTER('concentration_review'!$AC$2:$AC$84,('concentration_review'!$A$2:$A$84=$A12)*('concentration_review'!$C$2:$C$84="test_nacl"))),"") | BS12: =SUMPRODUCT((--('concentration_review'!$A$2:$A$84=$A12))*('concentration_review'!$AE$2:$AE$84>0)) | BT12: =IF(=SUMPRODUCT((--('concentration_review'!$A$2:$A$84=$A12))*('concentration_review'!$AE$2:$AE$84>0))>0,1,0)
A13: 11 | B13: RO | C13: Filmtec-SW30HR-g-3SBMA | D13: Polyamide; Polysulfobetaine | E13: Interfacial polymerization; ARGET ATRP | F13: =IFERROR(TEXTJOIN("; ",TRUE,FILTER('concentration_review'!$Z$2:$Z$84,('concentration_review'!$A$2:$A$84=$A13)*('concentration_review'!$F$2:$F$84="水相单体"))),"") | G13: =IFERROR(TEXTJOIN("; ",TRUE,FILTER('concentration_review'!$AA$2:$AA$84,('concentration_review'!$A$2:$A$84=$A13)*('concentration_review'!$G$2:$G$84="水相单体浓度"))),"") | H13: =IFERROR(TEXTJOIN("; ",TRUE,FILTER('concentration_review'!$AB$2:$AB$84,('concentration_review'!$A$2:$A$84=$A13)*('concentration_review'!$G$2:$G$84="水相单体浓度_单位"))),"") | I13: =IFERROR(TEXTJOIN("; ",TRUE,FILTER('concentration_review'!$Z$2:$Z$84,('concentration_review'!$A$2:$A$84=$A13)*('concentration_review'!$F$2:$F$84="油相单体"))),"") | J13: =IFERROR(TEXTJOIN("; ",TRUE,FILTER('concentration_review'!$AA$2:$AA$84,('concentration_review'!$A$2:$A$84=$A13)*('concentration_review'!$G$2:$G$84="油相单体浓度"))),"") | K13: =IFERROR(TEXTJOIN("; ",TRUE,FILTER('concentration_review'!$AB$2:$AB$84,('concentration_review'!$A$2:$A$84=$A13)*('concentration_review'!$G$2:$G$84="油相单体浓度_单位"))),"") | L13: Hexane; Methanol/water (1:1 v/v) | M13: Polyester; Polysulfone | P13: =IFERROR(TEXTJOIN("; ",TRUE,FILTER('concentration_review'!$Z$2:$Z$84,('concentration_review'!$A$2:$A$84=$A13)*('concentration_review'!$F$2:$F$84="添加剂"))),"") | Q13: =IFERROR(TEXTJOIN("; ",TRUE,FILTER('concentration_review'!$AA$2:$AA$84,('concentration_review'!$A$2:$A$84=$A13)*('concentration_review'!$G$2:$G$84="添加剂浓度"))),"") | R13: =IFERROR(TEXTJOIN("; ",TRUE,FILTER('concentration_review'!$AB$2:$AB$84,('concentration_review'!$A$2:$A$84=$A13)*('concentration_review'!$G$2:$G$84="添加剂浓度_单位"))),"") | S13: 180; 24 | T13: min (initiator); h (polymerization) | U13: 0 then 20-25 | V13: ℃ | AA13: =IFERROR(TEXTJOIN("; ",TRUE,FILTER('concentration_review'!$Z$2:$Z$84,('concentration_review'!$A$2:$A$84=$A13)*('concentration_review'!$F$2:$F$84="改性剂"))),"") | AB13: =IFERROR(TEXTJOIN("; ",TRUE,FILTER('concentration_review'!$AA$2:$AA$84,('concentration_review'!$A$2:$A$84=$A13)*('concentration_review'!$G$2:$G$84="改性剂浓度"))),"") | AC13: =IFERROR(TEXTJOIN("; ",TRUE,FILTER('concentration_review'!$AB$2:$AB$84,('concentration_review'!$A$2:$A$84=$A13)*('concentration_review'!$G$2:$G$84="改性剂浓度_单位"))),"") | AF13: less than 50 | AG13: nm | AH13: smoother | AN13: sulfonate ions | AS13: 1.14 | AT13: L/(m²·h·bar) | AU13: 96.8 | AV13: % | AW13: =IFERROR(TEXTJOIN("; ",TRUE,FILTER('concentration_review'!$AA$2:$AA$84,('concentration_review'!$A$2:$A$84=$A13)*('concentration_review'!$G$2:$G$84="测试NaCl浓度"))),"") | AX13: =IFERROR(TEXTJOIN("; ",TRUE,FILTER('concentration_review'!$AB$2:$AB$84,('concentration_review'!$A$2:$A$84=$A13)*('concentration_review'!$G$2:$G$84="测试NaCl浓度_单位"))),"") | BA13: 4140 | BB13: kPa | BC13: Cross-flow | BD13: Ginic-Markovic et al_2015_Biofouling resistance of polysulfobetaine coated reverse osmosis membranes.pdf | BE13: 2015 | BF13: 10.1016/j.desal.2015.04.024 | BG13: NaCl | BH13: NaCl | BI13: 0.0003 | BJ13: L/(m²·h·bar) | BK13: 渗透系数(Permeance) | BM13: Biofouling resistance of polysulfobetaine coated reverse osmosis membranes | BN13: =IFERROR(TEXTJOIN("; ",TRUE,FILTER('concentration_review'!$AC$2:$AC$84,('concentration_review'!$A$2:$A$84=$A13)*('concentration_review'!$C$2:$C$84="aqueous_monomer"))),"") | BO13: =IFERROR(TEXTJOIN("; ",TRUE,FILTER('concentration_review'!$AC$2:$AC$84,('concentration_review'!$A$2:$A$84=$A13)*('concentration_review'!$C$2:$C$84="organic_monomer"))),"") | BP13: =IFERROR(TEXTJOIN("; ",TRUE,FILTER('concentration_review'!$AC$2:$AC$84,('concentration_review'!$A$2:$A$84=$A13)*('concentration_review'!$C$2:$C$84="additive"))),"") | BQ13: =IFERROR(TEXTJOIN("; ",TRUE,FILTER('concentration_review'!$AC$2:$AC$84,('concentration_review'!$A$2:$A$84=$A13)*('concentration_review'!$C$2:$C$84="modifier"))),"") | BR13: =IFERROR(TEXTJOIN("; ",TRUE,FILTER('concentration_review'!$AC$2:$AC$84,('concentration_review'!$A$2:$A$84=$A13)*('concentration_review'!$C$2:$C$84="test_nacl"))),"") | BS13: =SUMPRODUCT((--('concentration_review'!$A$2:$A$84=$A13))*('concentration_review'!$AE$2:$AE$84>0)) | BT13: =IF(=SUMPRODUCT((--('concentration_review'!$A$2:$A$84=$A13))*('concentration_review'!$AE$2:$AE$84>0))>0,1,0)
A14: 12 | B14: RO | C14: TFN0.1 | D14: Polyamide | E14: Interfacial polymerization (IP) | F14: =IFERROR(TEXTJOIN("; ",TRUE,FILTER('concentration_review'!$Z$2:$Z$84,('concentration_review'!$A$2:$A$84=$A14)*('concentration_review'!$F$2:$F$84="水相单体"))),"") | G14: =IFERROR(TEXTJOIN("; ",TRUE,FILTER('concentration_review'!$AA$2:$AA$84,('concentration_review'!$A$2:$A$84=$A14)*('concentration_review'!$G$2:$G$84="水相单体浓度"))),"") | H14: =IFERROR(TEXTJOIN("; ",TRUE,FILTER('concentration_review'!$AB$2:$AB$84,('concentration_review'!$A$2:$A$84=$A14)*('concentration_review'!$G$2:$G$84="水相单体浓度_单位"))),"") | I14: =IFERROR(TEXTJOIN("; ",TRUE,FILTER('concentration_review'!$Z$2:$Z$84,('concentration_review'!$A$2:$A$84=$A14)*('concentration_review'!$F$2:$F$84="油相单体"))),"") | J14: =IFERROR(TEXTJOIN("; ",TRUE,FILTER('concentration_review'!$AA$2:$AA$84,('concentration_review'!$A$2:$A$84=$A14)*('concentration_review'!$G$2:$G$84="油相单体浓度"))),"") | K14: =IFERROR(TEXTJOIN("; ",TRUE,FILTER('concentration_review'!$AB$2:$AB$84,('concentration_review'!$A$2:$A$84=$A14)*('concentration_review'!$G$2:$G$84="油相单体浓度_单位"))),"") | L14: Cyclohexane | M14: PSf | P14: =IFERROR(TEXTJOIN("; ",TRUE,FILTER('concentration_review'!$Z$2:$Z$84,('concentration_review'!$A$2:$A$84=$A14)*('concentration_review'!$F$2:$F$84="添加剂"))),"") | Q14: =IFERROR(TEXTJOIN("; ",TRUE,FILTER('concentration_review'!$AA$2:$AA$84,('concentration_review'!$A$2:$A$84=$A14)*('concentration_review'!$G$2:$G$84="添加剂浓度"))),"") | R14: =IFERROR(TEXTJOIN("; ",TRUE,FILTER('concentration_review'!$AB$2:$AB$84,('concentration_review'!$A$2:$A$84=$A14)*('concentration_review'!$G$2:$G$84="添加剂浓度_单位"))),"") | S14: 1 | T14: min | U14: Ambient | W14: 90 | X14: ℃ | Y14: 10 | Z14: min | AA14: =IFERROR(TEXTJOIN("; ",TRUE,FILTER('concentration_review'!$Z$2:$Z$84,('concentration_review'!$A$2:$A$84=$A14)*('concentration_review'!$F$2:$F$84="改性剂"))),"") | AB14: =IFERROR(TEXTJOIN("; ",TRUE,FILTER('concentration_review'!$AA$2:$AA$84,('concentration_review'!$A$2:$A$84=$A14)*('concentration_review'!$G$2:$G$84="改性剂浓度"))),"") | AC14: =IFERROR(TEXTJOIN("; ",TRUE,FILTER('concentration_review'!$AB$2:$AB$84,('concentration_review'!$A$2:$A$84=$A14)*('concentration_review'!$G$2:$G$84="改性剂浓度_单位"))),"") | AF14: 259.25 | AG14: nm | AH14: 75.7 | AI14: nm | AN14: C-N; C=O; Si-O; Al-OH | AQ14: 52.9 | AR14: ° | AS14: 48 | AT14: L m⁻² h⁻¹ | AU14: 80.5 | AV14: % | AW14: =IFERROR(TEXTJOIN("; ",TRUE,FILTER('concentration_review'!$AA$2:$AA$84,('concentration_review'!$A$2:$A$84=$A14)*('concentration_review'!$G$2:$G$84="测试NaCl浓度"))),"") | AX14: =IFERROR(TEXTJOIN("; ",TRUE,FILTER('concentration_review'!$AB$2:$AB$84,('concentration_review'!$A$2:$A$84=$A14)*('concentration_review'!$G$2:$G$84="测试NaCl浓度_单位"))),"") | BA14: 15 | BB14: bar | BC14: Dead-end | BD14: Ghanbari et al_2015_Synthesis and characterization of novel thin film nanocomposite reverse osmosis.pdf | BE14: 2015 | BF14: 10.1039/c4ra16177g | BG14: NaCl | BH14: NaCl | BI14: 3.2 | BJ14: L/(m²·h·bar) | BK14: 渗透系数(Permeance) | BL14: 60 | BM14: Synthesis and characterization of novel thin film nanocomposite reverse osmosis membranes with improved organic fouling properties for water desalination | BN14: =IFERROR(TEXTJOIN("; ",TRUE,FILTER('concentration_review'!$AC$2:$AC$84,('concentration_review'!$A$2:$A$84=$A14)*('concentration_review'!$C$2:$C$84="aqueous_monomer"))),"") | BO14: =IFERROR(TEXTJOIN("; ",TRUE,FILTER('concentration_review'!$AC$2:$AC$84,('concentration_review'!$A$2:$A$84=$A14)*('concentration_review'!$C$2:$C$84="organic_monomer"))),"") | BP14: =IFERROR(TEXTJOIN("; ",TRUE,FILTER('concentration_review'!$AC$2:$AC$84,('concentration_review'!$A$2:$A$84=$A14)*('concentration_review'!$C$2:$C$84="additive"))),"") | BQ14: =IFERROR(TEXTJOIN("; ",TRUE,FILTER('concentration_review'!$AC$2:$AC$84,('concentration_review'!$A$2:$A$84=$A14)*('concentration_review'!$C$2:$C$84="modifier"))),"") | BR14: =IFERROR(TEXTJOIN("; ",TRUE,FILTER('concentration_review'!$AC$2:$AC$84,('concentration_review'!$A$2:$A$84=$A14)*('concentration_review'!$C$2:$C$84="test_nacl"))),"") | BS14: =SUMPRODUCT((--('concentration_review'!$A$2:$A$84=$A14))*('concentration_review'!$AE$2:$AE$84>0)) | BT14: =IF(=SUMPRODUCT((--('concentration_review'!$A$2:$A$84=$A14))*('concentration_review'!$AE$2:$AE$84>0))>0,1,0)
A15: 13 | B15: RO | C15: (0.1:0.013%) N-IPAAm/MBAAm/CA/CTA-RO membrane | D15: Cellulose acetate; Cellulose triacetate; N-isopropylacrylamide; N,N-methylene bisacrylamide | E15: Phase inversion; Grafting; Crosslinking | F15: =IFERROR(TEXTJOIN("; ",TRUE,FILTER('concentration_review'!$Z$2:$Z$84,('concentration_review'!$A$2:$A$84=$A15)*('concentration_review'!$F$2:$F$84="水相单体"))),"") | G15: =IFERROR(TEXTJOIN("; ",TRUE,FILTER('concentration_review'!$AA$2:$AA$84,('concentration_review'!$A$2:$A$84=$A15)*('concentration_review'!$G$2:$G$84="水相单体浓度"))),"") | H15: =IFERROR(TEXTJOIN("; ",TRUE,FILTER('concentration_review'!$AB$2:$AB$84,('concentration_review'!$A$2:$A$84=$A15)*('concentration_review'!$G$2:$G$84="水相单体浓度_单位"))),"") | I15: =IFERROR(TEXTJOIN("; ",TRUE,FILTER('concentration_review'!$Z$2:$Z$84,('concentration_review'!$A$2:$A$84=$A15)*('concentration_review'!$F$2:$F$84="油相单体"))),"") | J15: =IFERROR(TEXTJOIN("; ",TRUE,FILTER('concentration_review'!$AA$2:$AA$84,('concentration_review'!$A$2:$A$84=$A15)*('concentration_review'!$G$2:$G$84="油相单体浓度"))),"") | K15: =IFERROR(TEXTJOIN("; ",TRUE,FILTER('concentration_review'!$AB$2:$AB$84,('concentration_review'!$A$2:$A$84=$A15)*('concentration_review'!$G$2:$G$84="油相单体浓度_单位"))),"") | L15: acetone; acetic acid; dioxane; methanol; ethanol | M15: glass substrate | N15: 7 | P15: =IFERROR(TEXTJOIN("; ",TRUE,FILTER('concentration_review'!$Z$2:$Z$84,('concentration_review'!$A$2:$A$84=$A15)*('concentration_review'!$F$2:$F$84="添加剂"))),"") | Q15: =IFERROR(TEXTJOIN("; ",TRUE,FILTER('concentration_review'!$AA$2:$AA$84,('concentration_review'!$A$2:$A$84=$A15)*('concentration_review'!$G$2:$G$84="添加剂浓度"))),"") | R15: =IFERROR(TEXTJOIN("; ",TRUE,FILTER('concentration_review'!$AB$2:$AB$84,('concentration_review'!$A$2:$A$84=$A15)*('concentration_review'!$G$2:$G$84="添加剂浓度_单位"))),"") | U15: room temperature | W15: 60; 80 | X15: ℃ | Y15: 10; 10 | Z15: min | AA15: =IFERROR(TEXTJOIN("; ",TRUE,FILTER('concentration_review'!$Z$2:$Z$84,('concentration_review'!$A$2:$A$84=$A15)*('concentration_review'!$F$2:$F$84="改性剂"))),"") | AB15: =IFERROR(TEXTJOIN("; ",TRUE,FILTER('concentration_review'!$AA$2:$AA$84,('concentration_review'!$A$2:$A$84=$A15)*('concentration_review'!$G$2:$G$84="改性剂浓度"))),"") | AC15: =IFERROR(TEXTJOIN("; ",TRUE,FILTER('concentration_review'!$AB$2:$AB$84,('concentration_review'!$A$2:$A$84=$A15)*('concentration_review'!$G$2:$G$84="改性剂浓度_单位"))),"") | AD15: 10 | AE15: min | AF15: 250 | AG15: µm | AH15: 13 | AI15: nm | AN15: '-OH; -CH; C=O(acetyl); -NH; C=O(amide); C-N(amide) | AQ15: 43.8 | AR15: ° | AS15: 4.11 | AT15: L/(m²h) | AU15: 90 | AV15: % | AW15: =IFERROR(TEXTJOIN("; ",TRUE,FILTER('concentration_review'!$AA$2:$AA$84,('concentration_review'!$A$2:$A$84=$A15)*('concentration_review'!$G$2:$G$84="测试NaCl浓度"))),"") | AX15: =IFERROR(TEXTJOIN("; ",TRUE,FILTER('concentration_review'!$AB$2:$AB$84,('concentration_review'!$A$2:$A$84=$A15)*('concentration_review'!$G$2:$G$84="测试NaCl浓度_单位"))),"") | BA15: 10 | BB15: bar | BC15: Cross-flow | BD15: 10.1002_pen.25517.pdf | BE15: 2020 | BF15: 10.1002/pen.25517 | BG15: NaCl | BH15: NaCl | BI15: 0.411 | BJ15: L/(m²·h·bar) | BK15: 渗透系数(Permeance) | BM15: Effect of cellulose acetate/cellulose triacetate ratio on reverse osmosis blend membrane performance | BN15: =IFERROR(TEXTJOIN("; ",TRUE,FILTER('concentration_review'!$AC$2:$AC$84,('concentration_review'!$A$2:$A$84=$A15)*('concentration_review'!$C$2:$C$84="aqueous_monomer"))),"") | BO15: =IFERROR(TEXTJOIN("; ",TRUE,FILTER('concentration_review'!$AC$2:$AC$84,('concentration_review'!$A$2:$A$84=$A15)*('concentration_review'!$C$2:$C$84="organic_monomer"))),"") | BP15: =IFERROR(TEXTJOIN("; ",TRUE,FILTER('concentration_review'!$AC$2:$AC$84,('concentration_review'!$A$2:$A$84=$A15)*('concentration_review'!$C$2:$C$84="additive"))),"") | BQ15: =IFERROR(TEXTJOIN("; ",TRUE,FILTER('concentration_review'!$AC$2:$AC$84,('concentration_review'!$A$2:$A$84=$A15)*('concentration_review'!$C$2:$C$84="modifier"))),"") | BR15: =IFERROR(TEXTJOIN("; ",TRUE,FILTER('concentration_review'!$AC$2:$AC$84,('concentration_review'!$A$2:$A$84=$A15)*('concentration_review'!$C$2:$C$84="test_nacl"))),"") | BS15: =SUMPRODUCT((--('concentration_review'!$A$2:$A$84=$A15))*('concentration_review'!$AE$2:$AE$84>0)) | BT15: =IF(=SUMPRODUCT((--('concentration_review'!$A$2:$A$84=$A15))*('concentration_review'!$AE$2:$AE$84>0))>0,1,0)

Sheet concentration_review
A1: __row_index | B1: row_id | C1: slot_name | D1: slot_label_cn | E1: slot_item_index | F1: target_solute_col | G1: target_value_col | H1: target_unit_col | I1: raw_solute | J1: raw_value | K1: raw_unit | L1: parsed_solute | M1: parsed_value | N1: parsed_unit | O1: phase_identified | P1: phase_evidence | Q1: physical_form_inferred | R1: physical_form_evidence | S1: percent_type_inferred | T1: suggested_wtpercent_value | U1: suggested_status | V1: suggested_reason | W1: suggested_final_solute | X1: suggested_final_value | Y1: suggested_final_unit | Z1: final_solute | AA1: final_value | AB1: final_unit | AC1: final_status | AD1: final_reason | AE1: review_flag | AF1: confidence | AG1: need_traceback | AH1: traceback_target
A2: 0 | B2: PMA-GO/RO_Run3 | C2: additive | D2: 添加剂 | E2: 1 | F2: 添加剂 | G2: 添加剂浓度 | H2: 添加剂浓度_单位 | O2: unknown | P2: unknown | Q2: unknown | R2: unknown | S2: NOT_PERCENT_UNIT | U2: FAILED_PARSE | V2: Additive slot has no raw data (solute, value, unit all null). | AC2: FAILED_PARSE | AD2: Additive slot has no raw data (solute, value, unit all null). | AE2: 2 | AF2: HIGH | AG2: FALSE
A3: 0 | B3: PMA-GO/RO_Run3 | C3: aqueous_monomer | D3: 水相单体 | E3: 1 | F3: 水相单体 | G3: 水相单体浓度 | H3: 水相单体浓度_单位 | I3: Maleic acid | J3: 17.0 | K3: mg/L | L3: Maleic acid | M3: 17 | N3: mg/L | O3: aqueous | P3: column_hint | Q3: solid | R3: chemical_knowledge | S3: NOT_PERCENT_UNIT | U3: CANNOT_CONVERT | V3: Unit is mg/L, which is a mass concentration, not a percent; conversion to wt% requires solvent density and solute molecular weight, which are not provided. | W3: Maleic acid | X3: 17 | Y3: mg/L | Z3: Maleic acid | AA3: 17 | AB3: mg/L | AC3: CANNOT_CONVERT | AD3: Unit is mg/L, which is a mass concentration, not a percent; conversion to wt% requires solvent density and solute molecular weight, which are not provided. | AE3: 2 | AF3: HIGH | AG3: FALSE
A4: 0 | B4: PMA-GO/RO_Run3 | C4: modifier | D4: 改性剂 | E4: 1 | F4: 改性剂 | G4: 改性剂浓度 | H4: 改性剂浓度_单位 | I4: Graphene oxide; Polymaleic acid | O4: unknown | P4: unknown | Q4: solid | R4: chemical_knowledge | S4: NOT_PERCENT_UNIT | U4: FAILED_PARSE | V4: No concentration value or unit provided for multiple solutes, requiring traceback. | AC4: FAILED_PARSE | AD4: No concentration value or unit provided for multiple solutes, requiring traceback. | AE4: 2 | AF4: LOW | AG4: TRUE | AH4: SOLUTE_IDENTITY; PHASE_TYPE; PERCENT_TYPE; MAPPING_RELATION; ORIGINAL_UNIT
A5: 0 | B5: PMA-GO/RO_Run3 | C5: organic_monomer | D5: 油相单体 | E5: 1 | F5: 油相单体 | G5: 油相单体浓度 | H5: 油相单体浓度_单位 | O5: unknown | P5: unknown | Q5: unknown | R5: unknown | S5: NOT_PERCENT_UNIT | U5: FAILED_PARSE | V5: No organic monomer data provided in row context. | AC5: FAILED_PARSE | AD5: No organic monomer data provided in row context. | AE5: 2 | AF5: HIGH | AG5: FALSE
A6: 0 | B6: PMA-GO/RO_Run3 | C6: test_nacl | D6: 测试NaCl | E6: 1 | G6: 测试NaCl浓度 | H6: 测试NaCl浓度_单位 | I6: NaCl | J6: 1.0 | K6: g/L | L6: NaCl | M6: 1 | N6: g/L | O6: test_aqueous | P6: column_hint | Q6: solid | R6: chemical_knowledge | S6: NOT_PERCENT_UNIT | T6: 0.1 | U6: SAFE_CONVERTED | V6: NaCl concentration in g/L can be safely converted to wt% using assumed density of 1 g/mL for dilute aqueous solution. | W6: NaCl | X6: 0.1 | Y6: wt% | Z6: NaCl | AA6: 0.1 | AB6: wt% | AC6: SAFE_CONVERTED | AD6: NaCl concentration in g/L can be safely converted to wt% using assumed density of 1 g/mL for dilute aqueous solution. | AE6: 0 | AF6: HIGH | AG6: FALSE
A7: 1 | B7: mm-BTEC | C7: additive | D7: 添加剂 | E7: 1 | F7: 添加剂 | G7: 添加剂浓度 | H7: 添加剂浓度_单位 | I7: TEA | J7: 1 | K7: w/v | L7: TEA | M7: 1 | N7: w/v | O7: aqueous | P7: row_context | Q7: liquid | R7: chemical_knowledge | S7: WV_PERCENT | U7: CANNOT_CONVERT | V7: Unit 'w/v' indicates weight/volume percent, but conversion to wt% requires solute density and molecular weight not provided in context. | W7: TEA | X7: 1 | Y7: w/v | Z7: TEA | AA7: 1 | AB7: w/v | AC7: CANNOT_CONVERT | AD7: Unit 'w/v' indicates weight/volume percent, but conversion to wt% requires solute density and molecular weight not provided in context. | AE7: 2 | AF7: MEDIUM | AG7: TRUE | AH7: DENSITY; MOLECULAR_WEIGHT
A8: 1 | B8: mm-BTEC | C8: additive | D8: 添加剂 | E8: 2 | F8: 添加剂 | G8: 添加剂浓度 | H8: 添加剂浓度_单位 | I8: DSS | J8: 0.05 | K8: w/v | L8: DSS | M8: 0.05 | N8: w/v | O8: aqueous | P8: row_context | Q8: unknown | R8: unknown | S8: WV_PERCENT | U8: CANNOT_CONVERT | V8: Unit 'w/v' indicates weight/volume percent, but solvent and solute density are unknown for conversion to wt%. | W8: DSS | X8: 0.05 | Y8: w/v | Z8: DSS | AA8: 0.05 | AB8: w/v | AC8: CANNOT_CONVERT | AD8: Unit 'w/v' indicates weight/volume percent, but solvent and solute density are unknown for conversion to wt%. | AE8: 2 | AF8: MEDIUM | AG8: TRUE | AH8: SOLVENT_TYPE; DENSITY; MOLECULAR_WEIGHT
A9: 1 | B9: mm-BTEC | C9: aqueous_monomer | D9: 水相单体 | E9: 1 | F9: 水相单体 | G9: 水相单体浓度 | H9: 水相单体浓度_单位 | I9: MPDA | J9: 2.0 | K9: w/v | L9: MPDA | M9: 2 | N9: w/v | O9: aqueous | P9: column_hint | Q9: solid | R9: chemical_knowledge | S9: WV_PERCENT | U9: CANNOT_CONVERT | V9: Unit 'w/v' indicates weight per volume, but solvent and density are unknown, preventing conversion to wt%. | W9: MPDA | X9: 2 | Y9: w/v | Z9: MPDA | AA9: 2 | AB9: w/v | AC9: CANNOT_CONVERT | AD9: Unit 'w/v' indicates weight per volume, but solvent and density are unknown, preventing conversion to wt%. | AE9: 2 | AF9: MEDIUM | AG9: TRUE | AH9: PERCENT_TYPE; SOLVENT_TYPE; DENSITY
A10: 1 | B10: mm-BTEC | C10: modifier | D10: 改性剂 | E10: 1 | F10: 改性剂 | G10: 改性剂浓度 | H10: 改性剂浓度_单位 | O10: unknown | P10: unknown | Q10: unknown | R10: unknown | S10: NOT_PERCENT_UNIT | U10: FAILED_PARSE | V10: Modifier slot is empty with no raw data provided. | AC10: FAILED_PARSE | AD10: Modifier slot is empty with no raw data provided. | AE10: 2 | AF10: HIGH | AG10: FALSE
A11: 1 | B11: mm-BTEC | C11: organic_monomer | D11: 油相单体 | E11: 1 | F11: 油相单体 | G11: 油相单体浓度 | H11: 油相单体浓度_单位 | I11: mm-BTEC | J11: 0.1 | K11: w/v | L11: mm-BTEC | M11: 0.1 | N11: w/v | O11: organic | P11: column_hint | Q11: unknown | R11: unknown | S11: PERCENT_UNKNOWN | U11: CANNOT_CONVERT | V11: Unit 'w/v' is ambiguous and requires traceback to determine percent type and conversion parameters. | W11: mm-BTEC | X11: 0.1 | Y11: w/v | Z11: mm-BTEC | AA11: 0.1 | AB11: w/v | AC11: CANNOT_CONVERT | AD11: Unit 'w/v' is ambiguous and requires traceback to determine percent type and conversion parameters. | AE11: 2 | AF11: LOW | AG11: TRUE | AH11: PERCENT_TYPE; MOLECULAR_WEIGHT; DENSITY
A12: 1 | B12: mm-BTEC | C12: test_nacl | D12: 测试NaCl | E12: 1 | G12: 测试NaCl浓度 | H12: 测试NaCl浓度_单位 | I12: NaCl | J12: 2000.0 | K12: ppm | L12: NaCl | M12: 2000 | N12: ppm | O12: test_aqueous | P12: column_hint | Q12: solid | R12: chemical_knowledge | S12: NOT_PERCENT_UNIT | T12: 0.2 | U12: SAFE_CONVERTED | V12: NaCl concentration in ppm can be safely converted to wt% for aqueous solutions. | W12: NaCl | X12: 0.2 | Y12: wt% | Z12: NaCl | AA12: 0.2 | AB12: wt% | AC12: SAFE_CONVERTED | AD12: NaCl concentration in ppm can be safely converted to wt% for aqueous solutions. | AE12: 0 | AF12: HIGH | AG12: FALSE
A13: 2 | B13: LIP 2 cycles | C13: additive | D13: 添加剂 | E13: 1 | F13: 添加剂 | G13: 添加剂浓度 | H13: 添加剂浓度_单位 | O13: unknown | P13: unknown | Q13: unknown | R13: unknown | S13: NOT_PERCENT_UNIT | U13: FAILED_PARSE | V13: Additive slot is empty with no raw data provided. | AC13: FAILED_PARSE | AD13: Additive slot is empty with no raw data provided. | AE13: 2 | AF13: HIGH | AG13: FALSE
A14: 2 | B14: LIP 2 cycles | C14: aqueous_monomer | D14: 水相单体 | E14: 1 | F14: 水相单体 | G14: 水相单体浓度 | H14: 水相单体浓度_单位 | I14: MPD | J14: 0.5 | K14: % by mass | L14: MPD | M14: 0.5 | N14: % by mass | O14: aqueous | P14: column_hint | Q14: solid | R14: chemical_knowledge | S14: WT_PERCENT | T14: 0.5 | U14: DIRECT_WT | V14: Unit '% by mass' explicitly indicates mass percent, and MPD is a solid monomer in aqueous phase. | W14: MPD | X14: 0.5 | Y14: wt% | Z14: MPD | AA14: 0.5 | AB14: wt% | AC14: DIRECT_WT | AD14: Unit '% by mass' explicitly indicates mass percent, and MPD is a solid monomer in aqueous phase. | AE14: 0 | AF14: HIGH | AG14: FALSE
A15: 2 | B15: LIP 2 cycles | C15: modifier | D15: 改性剂 | E15: 1 | F15: 改性剂 | G15: 改性剂浓度 | H15: 改性剂浓度_单位 | O15: unknown | P15: unknown | Q15: unknown | R15: unknown | S15: NOT_PERCENT_UNIT | U15: FAILED_PARSE | V15: No modifier data provided in row context. | AC15: FAILED_PARSE | AD15: No modifier data provided in row context. | AE15: 2 | AF15: HIGH | AG15: FALSE
A16: 2 | B16: LIP 2 cycles | C16: organic_monomer | D16: 油相单体 | E16: 1 | F16: 油相单体 | G16: 油相单体浓度 | H16: 油相单体浓度_单位 | I16: TMC | J16: 0.05 | K16: % by mass | L16: TMC | M16: 0.05 | N16: % by mass | O16: organic | P16: column_hint | Q16: solid | R16: chemical_knowledge | S16: WT_PERCENT | T16: 0.05 | U16: DIRECT_WT | V16: Unit explicitly states '% by mass', indicating mass fraction in organic phase. | W16: TMC | X16: 0.05 | Y16: wt% | Z16: TMC | AA16: 0.05 | AB16: wt% | AC16: DIRECT_WT | AD16: Unit explicitly states '% by mass', indicating mass fraction in organic phase. | AE16: 0 | AF16: HIGH | AG16: FALSE
A17: 2 | B17: LIP 2 cycles | C17: test_nacl | D17: 测试NaCl | E17: 1 | G17: 测试NaCl浓度 | H17: 测试NaCl浓度_单位 | I17: NaCl | J17: 2000.0 | K17: ppm | L17: NaCl | M17: 2000 | N17: ppm | O17: test_aqueous | P17: column_hint | Q17: solid | R17: chemical_knowledge | S17: NOT_PERCENT_UNIT | T17: 0.2 | U17: SAFE_CONVERTED | V17: NaCl concentration in ppm can be safely converted to wt% for aqueous solutions. | W17: NaCl | X17: 0.2 | Y17: wt% | Z17: NaCl | AA17: 0.2 | AB17: wt% | AC17: SAFE_CONVERTED | AD17: NaCl concentration in ppm can be safely converted to wt% for aqueous solutions. | AE17: 0 | AF17: HIGH | AG17: FALSE
A18: 3 | B18: LIP 0 cycle | C18: additive | D18: 添加剂 | E18: 1 | F18: 添加剂 | G18: 添加剂浓度 | H18: 添加剂浓度_单位 | I18: NaCl | J18: 0.5 | K18: M | L18: NaCl | M18: 0.5 | N18: M | O18: aqueous | P18: chemical_knowledge | Q18: solid | R18: chemical_knowledge | S18: NOT_PERCENT_UNIT | U18: CANNOT_CONVERT | V18: NaCl is a solid solute in aqueous phase with molar concentration, but conversion to wt% requires solvent type, molecular weight, and density which are not provided. | W18: NaCl | X18: 0.5 | Y18: M | Z18: NaCl | AA18: 0.5 | AB18: M | AC18: CANNOT_CONVERT | AD18: NaCl is a solid solute in aqueous phase with molar concentration, but conversion to wt% requires solvent type, molecular weight, and density which are not provided. | AE18: 2 | AF18: HIGH | AG18: TRUE | AH18: SOLVENT_TYPE; MOLECULAR_WEIGHT; DENSITY
A19: 3 | B19: LIP 0 cycle | C19: aqueous_monomer | D19: 水相单体 | E19: 1 | F19: 水相单体 | G19: 水相单体浓度 | H19: 水相单体浓度_单位 | O19: unknown | P19: unknown | Q19: unknown | R19: unknown | S19: NOT_PERCENT_UNIT | U19: FAILED_PARSE | V19: No solute, value, or unit provided in the slot; all fields are empty. | AC19: FAILED_PARSE | AD19: No solute, value, or unit provided in the slot; all fields are empty. | AE19: 2 | AF19: LOW | AG19: TRUE | AH19: SOLUTE_IDENTITY; PHASE_TYPE; PERCENT_TYPE; SOLVENT_TYPE
A20: 3 | B20: LIP 0 cycle | C20: modifier | D20: 改性剂 | E20: 1 | F20: 改性剂 | G20: 改性剂浓度 | H20: 改性剂浓度_单位 | I20: PEI | J20: 0.1 | K20: wt% | L20: PEI | M20: 0.1 | N20: wt% | O20: unknown | P20: unknown | Q20: solid | R20: chemical_knowledge | S20: WT_PERCENT | T20: 0.1 | U20: DIRECT_WT | V20: Unit is explicitly wt%, providing clear weight percent concentration. | W20: PEI | X20: 0.1 | Y20: wt% | Z20: PEI | AA20: 0.1 | AB20: wt% | AC20: DIRECT_WT | AD20: Unit is explicitly wt%, providing clear weight percent concentration. | AE20: 0 | AF20: HIGH | AG20: FALSE
A21: 3 | B21: LIP 0 cycle | C21: modifier | D21: 改性剂 | E21: 2 | F21: 改性剂 | G21: 改性剂浓度 | H21: 改性剂浓度_单位 | I21: PAA | J21: 0.1 | K21: wt% | L21: PAA | M21: 0.1 | N21: wt% | O21: unknown | P21: unknown | Q21: unknown | R21: unknown | S21: WT_PERCENT | T21: 0.1 | U21: DIRECT_WT | V21: Unit is explicitly wt%, providing clear weight percent concentration. | W21: PAA | X21: 0.1 | Y21: wt% | Z21: PAA | AA21: 0.1 | AB21: wt% | AC21: DIRECT_WT | AD21: Unit is explicitly wt%, providing clear weight percent concentration. | AE21: 0 | AF21: HIGH | AG21: FALSE
A22: 3 | B22: LIP 0 cycle | C22: organic_monomer | D22: 油相单体 | E22: 1 | F22: 油相单体 | G22: 油相单体浓度 | H22: 油相单体浓度_单位 | O22: unknown | P22: unknown | Q22: unknown | R22: unknown | S22: NOT_PERCENT_UNIT | U22: FAILED_PARSE | V22: No organic monomer data provided in row context. | AC22: FAILED_PARSE | AD22: No organic monomer data provided in row context. | AE22: 2 | AF22: HIGH | AG22: FALSE
A23: 3 | B23: LIP 0 cycle | C23: test_nacl | D23: 测试NaCl | E23: 1 | G23: 测试NaCl浓度 | H23: 测试NaCl浓度_单位 | I23: NaCl | J23: 2000.0 | K23: ppm | L23: NaCl | M23: 2000 | N23: ppm | O23: test_aqueous | P23: column_hint | Q23: solid | R23: chemical_knowledge | S23: NOT_PERCENT_UNIT | T23: 0.2 | U23: SAFE_CONVERTED | V23: NaCl test concentration in ppm can be safely converted to wt% for aqueous solutions. | W23: NaCl | X23: 0.2 | Y23: wt% | Z23: NaCl | AA23: 0.2 | AB23: wt% | AC23: SAFE_CONVERTED | AD23: NaCl test concentration in ppm can be safely converted to wt% for aqueous solutions. | AE23: 0 | AF23: HIGH | AG23: FALSE
A24: 4 | B24: PSf/TA-RO-1.0DMC | C24: additive | D24: 添加剂 | E24: 1 | F24: 添加剂 | G24: 添加剂浓度 | H24: 添加剂浓度_单位 | I24: TEA | J24: 1.1 | K24: w/v% | L24: TEA | M24: 1.1 | N24: w/v% | O24: aqueous | P24: row_context | Q24: liquid | R24: chemical_knowledge | S24: WV_PERCENT | U24: CANNOT_CONVERT | V24: Unit w/v% indicates weight/volume percent, requiring density and molecular weight for conversion to wt%, which are not provided in context. | W24: TEA | X24: 1.1 | Y24: w/v% | Z24: TEA | AA24: 1.1 | AB24: w/v% | AC24: CANNOT_CONVERT | AD24: Unit w/v% indicates weight/volume percent, requiring density and molecular weight for conversion to wt%, which are not provided in context. | AE24: 2 | AF24: MEDIUM | AG24: TRUE | AH24: DENSITY; MOLECULAR_WEIGHT
A25: 4 | B25: PSf/TA-RO-1.0DMC | C25: additive | D25: 添加剂 | E25: 2 | F25: 添加剂 | G25: 添加剂浓度 | H25: 添加剂浓度_单位 | I25: CSA | J25: 2.6 | K25: w/v% | L25: CSA | M25: 2.6 | N25: w/v% | O25: aqueous | P25: row_context | Q25: solid | R25: chemical_knowledge | S25: WV_PERCENT | U25: CANNOT_CONVERT | V25: Unit w/v% indicates weight/volume percent, requiring density and molecular weight for conversion to wt%, which are not provided in context. | W25: CSA | X25: 2.6 | Y25: w/v% | Z25: CSA | AA25: 2.6 | AB25: w/v% | AC25: CANNOT_CONVERT | AD25: Unit w/v% indicates weight/volume percent, requiring density and molecular weight for conversion to wt%, which are not provided in context. | AE25: 2 | AF25: MEDIUM | AG25: TRUE | AH25: DENSITY; MOLECULAR_WEIGHT
A26: 4 | B26: PSf/TA-RO-1.0DMC | C26: additive | D26: 添加剂 | E26: 3 | F26: 添加剂 | G26: 添加剂浓度 | H26: 添加剂浓度_单位 | I26: TA | J26: 0.25 | K26: w/w% | L26: TA | M26: 0.25 | N26: w/w% | O26: aqueous | P26: row_context | Q26: solid | R26: chemical_knowledge | S26: WT_PERCENT | T26: 0.25 | U26: DIRECT_WT | V26: Unit w/w% is explicitly weight percent, mapping is one-to-one, and TA is likely solid in aqueous phase based on context. | W26: TA | X26: 0.25 | Y26: wt% | Z26: TA | AA26: 0.25 | AB26: wt% | AC26: DIRECT_WT | AD26: Unit w/w% is explicitly weight percent, mapping is one-to-one, and TA is likely solid in aqueous phase based on context. | AE26: 0 | AF26: HIGH | AG26: FALSE
A27: 4 | B27: PSf/TA-RO-1.0DMC | C27: additive | D27: 添加剂 | E27: 4 | F27: 添加剂 | G27: 添加剂浓度 | H27: 添加剂浓度_单位 | I27: DMC | J27: 1.0 | K27: w/v% | L27: DMC | M27: 1 | N27: w/v% | O27: organic | P27: row_context | Q27: liquid | R27: chemical_knowledge | S27: WV_PERCENT | U27: CANNOT_CONVERT | V27: Unit w/v% indicates weight/volume percent, requiring density and molecular weight for conversion to wt%. | W27: DMC | X27: 1 | Y27: w/v% | Z27: DMC | AA27: 1 | AB27: w/v% | AC27: CANNOT_CONVERT | AD27: Unit w/v% indicates weight/volume percent, requiring density and molecular weight for conversion to wt%. | AE27: 2 | AF27: HIGH | AG27: TRUE | AH27: DENSITY; MOLECULAR_WEIGHT
A28: 4 | B28: PSf/TA-RO-1.0DMC | C28: aqueous_monomer | D28: 水相单体 | E28: 1 | F28: 水相单体 | G28: 水相单体浓度 | H28: 水相单体浓度_单位 | I28: MPD | J28: 4.6 | K28: w/v% | L28: MPD | M28: 4.6 | N28: w/v% | O28: aqueous | P28: column_hint | Q28: solid | R28: chemical_knowledge | S28: WV_PERCENT | U28: CANNOT_CONVERT | V28: Unit w/v% indicates weight/volume percent, requiring density for conversion to wt% which is not provided in context. | W28: MPD | X28: 4.6 | Y28: w/v% | Z28: MPD | AA28: 4.6 | AB28: w/v% | AC28: CANNOT_CONVERT | AD28: Unit w/v% indicates weight/volume percent, requiring density for conversion to wt% which is not provided in context. | AE28: 2 | AF28: HIGH | AG28: FALSE
A29: 4 | B29: PSf/TA-RO-1.0DMC | C29: modifier | D29: 改性剂 | E29: 1 | F29: 改性剂 | G29: 改性剂浓度 | H29: 改性剂浓度_单位 | O29: unknown | P29: unknown | Q29: unknown | R29: unknown | S29: NOT_PERCENT_UNIT | U29: FAILED_PARSE | V29: Modifier slot is empty with no raw data provided. | AC29: FAILED_PARSE | AD29: Modifier slot is empty with no raw data provided. | AE29: 2 | AF29: HIGH | AG29: FALSE
A30: 4 | B30: PSf/TA-RO-1.0DMC | C30: organic_monomer | D30: 油相单体 | E30: 1 | F30: 油相单体 | G30: 油相单体浓度 | H30: 油相单体浓度_单位 | I30: TMC | J30: 0.12 | K30: w/v% | L30: TMC | M30: 0.12 | N30: w/v% | O30: organic | P30: column_hint | Q30: solid | R30: chemical_knowledge | S30: WV_PERCENT | U30: NEED_TRACEBACK | V30: Unit w/v% indicates weight/volume percent, requiring density and molecular weight for conversion to wt%. | W30: TMC | X30: 0.12 | Y30: w/v% | Z30: TMC | AA30: 0.12 | AB30: w/v% | AC30: NEED_TRACEBACK | AD30: Unit w/v% indicates weight/volume percent, requiring density and molecular weight for conversion to wt%. | AE30: 2 | AF30: MEDIUM | AG30: TRUE | AH30: DENSITY; MOLECULAR_WEIGHT
A31: 4 | B31: PSf/TA-RO-1.0DMC | C31: test_nacl | D31: 测试NaCl | E31: 1 | G31: 测试NaCl浓度 | H31: 测试NaCl浓度_单位 | I31: NaCl | J31: 2000.0 | K31: ppm | L31: NaCl | M31: 2000 | N31: ppm | O31: test_aqueous | P31: column_hint | Q31: solid | R31: chemical_knowledge | S31: NOT_PERCENT_UNIT | T31: 0.2 | U31: SAFE_CONVERTED | V31: NaCl concentration in ppm is clearly defined and can be safely converted to wt% for aqueous solutions. | W31: NaCl | X31: 0.2 | Y31: wt% | Z31: NaCl | AA31: 0.2 | AB31: wt% | AC31: SAFE_CONVERTED | AD31: NaCl concentration in ppm is clearly defined and can be safely converted to wt% for aqueous solutions. | AE31: 0 | AF31: HIGH | AG31: FALSE
A32: 5 | B32: MDOPC/OG | C32: additive | D32: 添加剂 | E32: 1 | F32: 添加剂 | G32: 添加剂浓度 | H32: 添加剂浓度_单位 | I32: DOPC liposomes (OG-assisted) | J32: 0.75 | K32: mg/mL | L32: DOPC liposomes (OG-assisted) | M32: 0.75 | N32: mg/mL | O32: unknown | P32: unknown | Q32: unknown | R32: unknown | S32: NOT_PERCENT_UNIT | U32: CANNOT_CONVERT | V32: Additive identity and phase unclear; conversion to wt% requires molecular weight and density not provided. | W32: DOPC liposomes (OG-assisted) | X32: 0.75 | Y32: mg/mL | Z32: DOPC liposomes (OG-assisted) | AA32: 0.75 | AB32: mg/mL | AC32: CANNOT_CONVERT | AD32: Additive identity and phase unclear; conversion to wt% requires molecular weight and density not provided. | AE32: 2 | AF32: LOW | AG32: TRUE | AH32: SOLUTE_IDENTITY; PHASE_TYPE; SOLVENT_TYPE; MOLECULAR_WEIGHT; DENSITY
A33: 5 | B33: MDOPC/OG | C33: aqueous_monomer | D33: 水相单体 | E33: 1 | F33: 水相单体 | G33: 水相单体浓度 | H33: 水相单体浓度_单位 | I33: MPD | J33: 3.5 | K33: wt% | L33: MPD | M33: 3.5 | N33: wt% | O33: aqueous | P33: column_hint | Q33: solid | R33: chemical_knowledge | S33: WT_PERCENT | T33: 3.5 | U33: DIRECT_WT | V33: Raw unit is wt%, directly indicating weight percent; solute MPD is from aqueous monomer column, phase is aqueous. | W33: MPD | X33: 3.5 | Y33: wt% | Z33: MPD | AA33: 3.5 | AB33: wt% | AC33: DIRECT_WT | AD33: Raw unit is wt%, directly indicating weight percent; solute MPD is from aqueous monomer column, phase is aqueous. | AE33: 0 | AF33: HIGH | AG33: FALSE
A34: 5 | B34: MDOPC/OG | C34: modifier | D34: 改性剂 | E34: 1 | F34: 改性剂 | G34: 改性剂浓度 | H34: 改性剂浓度_单位 | O34: unknown | P34: unknown | Q34: unknown | R34: unknown | S34: NOT_PERCENT_UNIT | U34: FAILED_PARSE | V34: Modifier slot is empty with no raw data provided. | AC34: FAILED_PARSE | AD34: Modifier slot is empty with no raw data provided. | AE34: 2 | AF34: HIGH | AG34: FALSE
A35: 5 | B35: MDOPC/OG | C35: organic_monomer | D35: 油相单体 | E35: 1 | F35: 油相单体 | G35: 油相单体浓度 | H35: 油相单体浓度_单位 | I35: TMC | J35: 0.2 | K35: wt% | L35: TMC | M35: 0.2 | N35: wt% | O35: organic | P35: column_hint | Q35: solid | R35: chemical_knowledge | S35: WT_PERCENT | T35: 0.2 | U35: DIRECT_WT | V35: Raw unit is wt%, providing direct mass fraction. | W35: TMC | X35: 0.2 | Y35: wt% | Z35: TMC | AA35: 0.2 | AB35: wt% | AC35: DIRECT_WT | AD35: Raw unit is wt%, providing direct mass fraction. | AE35: 0 | AF35: HIGH | AG35: FALSE
A36: 5 | B36: MDOPC/OG | C36: test_nacl | D36: 测试NaCl | E36: 1 | G36: 测试NaCl浓度 | H36: 测试NaCl浓度_单位 | I36: NaCl | J36: 35000.0 | K36: ppm | L36: NaCl | M36: 35000 | N36: ppm | O36: test_aqueous | P36: column_hint | Q36: solid | R36: chemical_knowledge | S36: NOT_PERCENT_UNIT | T36: 3.5 | U36: SAFE_CONVERTED | V36: NaCl concentration in ppm can be safely converted to wt% for aqueous solutions. | W36: NaCl | X36: 3.5 | Y36: wt% | Z36: NaCl | AA36: 3.5 | AB36: wt% | AC36: SAFE_CONVERTED | AD36: NaCl concentration in ppm can be safely converted to wt% for aqueous solutions. | AE36: 0 | AF36: HIGH | AG36: FALSE
A37: 6 | B37: TFC-toluene | C37: additive | D37: 添加剂 | E37: 1 | F37: 添加剂 | G37: 添加剂浓度 | H37: 添加剂浓度_单位 | I37: toluene | J37: 0.4 | K37: v/v% | L37: toluene | M37: 0.4 | N37: v/v% | O37: organic | P37: row_context | Q37: liquid | R37: chemical_knowledge | S37: VOL_PERCENT | U37: CANNOT_CONVERT | V37: Additive toluene is in organic phase with v/v% unit, conversion to wt% requires density not provided. | W37: toluene | X37: 0.4 | Y37: v/v% | Z37: toluene | AA37: 0.4 | AB37: v/v% | AC37: CANNOT_CONVERT | AD37: Additive toluene is in organic phase with v/v% unit, conversion to wt% requires density not provided. | AE37: 2 | AF37: HIGH | AG37: FALSE
A38: 6 | B38: TFC-toluene | C38: aqueous_monomer | D38: 水相单体 | E38: 1 | F38: 水相单体 | G38: 水相单体浓度 | H38: 水相单体浓度_单位 | I38: MPD | J38: 2.0 | K38: w/w% | L38: MPD | M38: 2 | N38: w/w% | O38: aqueous | P38: column_hint | Q38: solid | R38: chemical_knowledge | S38: WT_PERCENT | T38: 2 | U38: DIRECT_WT | V38: Raw unit w/w% clearly indicates weight percent, and solute MPD is explicitly given in the aqueous monomer column. | W38: MPD | X38: 2 | Y38: wt% | Z38: MPD | AA38: 2 | AB38: wt% | AC38: DIRECT_WT | AD38: Raw unit w/w% clearly indicates weight percent, and solute MPD is explicitly given in the aqueous monomer column. | AE38: 0 | AF38: HIGH | AG38: FALSE
A39: 6 | B39: TFC-toluene | C39: modifier | D39: 改性剂 | E39: 1 | F39: 改性剂 | G39: 改性剂浓度 | H39: 改性剂浓度_单位 | O39: unknown | P39: unknown | Q39: unknown | R39: unknown | S39: NOT_PERCENT_UNIT | U39: FAILED_PARSE | V39: No data provided for modifier slot. | AC39: FAILED_PARSE | AD39: No data provided for modifier slot. | AE39: 2 | AF39: HIGH | AG39: FALSE
A40: 6 | B40: TFC-toluene | C40: organic_monomer | D40: 油相单体 | E40: 1 | F40: 油相单体 | G40: 油相单体浓度 | H40: 油相单体浓度_单位 | I40: TMC | J40: 0.1 | K40: w/w% | L40: TMC | M40: 0.1 | N40: w/w% | O40: organic | P40: column_hint | Q40: solid | R40: chemical_knowledge | S40: WT_PERCENT | T40: 0.1 | U40: DIRECT_WT | V40: Raw unit 'w/w%' clearly indicates weight percent, solute TMC from organic monomer column, phase organic from column hint, solvent n-hexane from row context. | W40: TMC | X40: 0.1 | Y40: wt% | Z40: TMC | AA40: 0.1 | AB40: wt% | AC40: DIRECT_WT | AD40: Raw unit 'w/w%' clearly indicates weight percent, solute TMC from organic monomer column, phase organic from column hint, solvent n-hexane from row context. | AE40: 0 | AF40: HIGH | AG40: FALSE
A41: 6 | B41: TFC-toluene | C41: test_nacl | D41: 测试NaCl | E41: 1 | G41: 测试NaCl浓度 | H41: 测试NaCl浓度_单位 | I41: NaCl | J41: 2000.0 | K41: ppm | L41: NaCl | M41: 2000 | N41: ppm | O41: test_aqueous | P41: column_hint | Q41: solid | R41: chemical_knowledge | S41: NOT_PERCENT_UNIT | T41: 0.2 | U41: SAFE_CONVERTED | V41: NaCl concentration in ppm can be safely converted to wt% for aqueous solutions. | W41: NaCl | X41: 0.2 | Y41: wt% | Z41: NaCl | AA41: 0.2 | AB41: wt% | AC41: SAFE_CONVERTED | AD41: NaCl concentration in ppm can be safely converted to wt% for aqueous solutions. | AE41: 0 | AF41: HIGH | AG41: FALSE
A42: 7 | B42: PVA-PVS-Stirred-NaCl-10mM-5bar | C42: additive | D42: 添加剂 | E42: 1 | F42: 添加剂 | G42: 添加剂浓度 | H42: 添加剂浓度_单位 | I42: NaCl | J42: 1 | K42: M | L42: NaCl | M42: 1 | N42: M | O42: aqueous | P42: row_context | Q42: solid | R42: chemical_knowledge | S42: NOT_PERCENT_UNIT | U42: CANNOT_CONVERT | V42: NaCl additive concentration is 1 M, which is molarity and cannot be converted to wt% without molecular weight and density information. | W42: NaCl | X42: 1 | Y42: M | Z42: NaCl | AA42: 1 | AB42: M | AC42: CANNOT_CONVERT | AD42: NaCl additive concentration is 1 M, which is molarity and cannot be converted to wt% without molecular weight and density information. | AE42: 2 | AF42: HIGH | AG42: FALSE
A43: 7 | B43: PVA-PVS-Stirred-NaCl-10mM-5bar | C43: aqueous_monomer | D43: 水相单体 | E43: 1 | F43: 水相单体 | G43: 水相单体浓度 | H43: 水相单体浓度_单位 | I43: PVA | J43: 0.01 | K43: monomoles/L | L43: PVA | M43: 0.01 | N43: monomoles/L | O43: aqueous | P43: column_hint | Q43: solid | R43: chemical_knowledge | S43: NOT_PERCENT_UNIT | U43: CANNOT_CONVERT | V43: Unit 'monomoles/L' is not a mass fraction unit and conversion requires molecular weight and density not provided in context. | W43: PVA | X43: 0.01 | Y43: monomoles/L | Z43: PVA | AA43: 0.01 | AB43: monomoles/L | AC43: CANNOT_CONVERT | AD43: Unit 'monomoles/L' is not a mass fraction unit and conversion requires molecular weight and density not provided in context. | AE43: 2 | AF43: HIGH | AG43: FALSE
A44: 7 | B44: PVA-PVS-Stirred-NaCl-10mM-5bar | C44: modifier | D44: 改性剂 | E44: 1 | F44: 改性剂 | G44: 改性剂浓度 | H44: 改性剂浓度_单位 | O44: unknown | P44: unknown | Q44: unknown | R44: unknown | S44: NOT_PERCENT_UNIT | U44: FAILED_PARSE | V44: Modifier slot is empty with no raw data provided. | AC44: FAILED_PARSE | AD44: Modifier slot is empty with no raw data provided. | AE44: 2 | AF44: HIGH | AG44: FALSE
A45: 7 | B45: PVA-PVS-Stirred-NaCl-10mM-5bar | C45: organic_monomer | D45: 油相单体 | E45: 1 | F45: 油相单体 | G45: 油相单体浓度 | H45: 油相单体浓度_单位 | I45: PVS | J45: 0.01 | K45: monomoles/L | L45: PVS | M45: 0.01 | N45: monomoles/L | O45: organic | P45: column_hint | Q45: unknown | R45: unknown | S45: NOT_PERCENT_UNIT | U45: CANNOT_CONVERT | V45: Unit is monomoles/L, not a percent unit; conversion to wt% requires molecular weight not provided. | W45: PVS | X45: 0.01 | Y45: monomoles/L | Z45: PVS | AA45: 0.01 | AB45: monomoles/L | AC45: CANNOT_CONVERT | AD45: Unit is monomoles/L, not a percent unit; conversion to wt% requires molecular weight not provided. | AE45: 2 | AF45: HIGH | AG45: FALSE
A46: 7 | B46: PVA-PVS-Stirred-NaCl-10mM-5bar | C46: test_nacl | D46: 测试NaCl | E46: 1 | G46: 测试NaCl浓度 | H46: 测试NaCl浓度_单位 | I46: NaCl | J46: 10.0 | K46: mM | L46: NaCl | M46: 10 | N46: mM | O46: test_aqueous | P46: column_hint | Q46: solid | R46: chemical_knowledge | S46: NOT_PERCENT_UNIT | U46: CANNOT_CONVERT | V46: NaCl concentration in mM is clear, but conversion to wt% requires molecular weight and density not provided in context. | W46: NaCl | X46: 10 | Y46: mM | Z46: NaCl | AA46: 10 | AB46: mM | AC46: CANNOT_CONVERT | AD46: NaCl concentration in mM is clear, but conversion to wt% requires molecular weight and density not provided in context. | AE46: 2 | AF46: HIGH | AG46: FALSE
A47: 8 | B47: Lysozyme-immobilized Polyamide RO membrane | C47: additive | D47: 添加剂 | E47: 1 | F47: 添加剂 | G47: 添加剂浓度 | H47: 添加剂浓度_单位 | I47: SDS; EDC; NHS | J47: 0.15; 0.1 | K47: wt%; mol/L | N47: wt%; mol/L | O47: unknown | P47: unknown | Q47: solid | R47: chemical_knowledge | S47: NOT_PERCENT_UNIT | U47: CANNOT_CONVERT | V47: Multiple solutes, values, and units with unclear one-to-one mapping and insufficient phase context. | X47: 0.15; 0.1 | Y47: wt%; mol/L | AA47: 0.15; 0.1 | AB47: wt%; mol/L | AC47: CANNOT_CONVERT | AD47: Multiple solutes, values, and units with unclear one-to-one mapping and insufficient phase context. | AE47: 2 | AF47: LOW | AG47: TRUE | AH47: MAPPING_RELATION; PHASE_TYPE; SOLUTE_IDENTITY
A48: 8 | B48: Lysozyme-immobilized Polyamide RO membrane | C48: aqueous_monomer | D48: 水相单体 | E48: 1 | F48: 水相单体 | G48: 水相单体浓度 | H48: 水相单体浓度_单位 | I48: MPD | J48: 2.0 | K48: wt% | L48: MPD | M48: 2 | N48: wt% | O48: aqueous | P48: column_hint | Q48: solid | R48: chemical_knowledge | S48: WT_PERCENT | T48: 2 | U48: DIRECT_WT | V48: Raw unit is wt%, solute is MPD from aqueous_monomer column, phase is aqueous from column hint, value is numeric. | W48: MPD | X48: 2 | Y48: wt% | Z48: MPD | AA48: 2 | AB48: wt% | AC48: DIRECT_WT | AD48: Raw unit is wt%, solute is MPD from aqueous_monomer column, phase is aqueous from column hint, value is numeric. | AE48: 0 | AF48: HIGH | AG48: FALSE
A49: 8 | B49: Lysozyme-immobilized Polyamide RO membrane | C49: modifier | D49: 改性剂 | E49: 1 | F49: 改性剂 | G49: 改性剂浓度 | H49: 改性剂浓度_单位 | I49: Lysozyme | J49: 1 | K49: mg/mL | L49: Lysozyme | M49: 1 | N49: mg/mL | O49: unknown | P49: unknown | Q49: solid | R49: chemical_knowledge | S49: NOT_PERCENT_UNIT | U49: CANNOT_CONVERT | V49: Unit mg/mL requires solvent density and solute molecular weight for conversion to wt%, which are not provided in context. | W49: Lysozyme | X49: 1 | Y49: mg/mL | Z49: Lysozyme | AA49: 1 | AB49: mg/mL | AC49: CANNOT_CONVERT | AD49: Unit mg/mL requires solvent density and solute molecular weight for conversion to wt%, which are not provided in context. | AE49: 2 | AF49: LOW | AG49: TRUE | AH49: SOLVENT_TYPE; DENSITY; MOLECULAR_WEIGHT
A50: 8 | B50: Lysozyme-immobilized Polyamide RO membrane | C50: organic_monomer | D50: 油相单体 | E50: 1 | F50: 油相单体 | G50: 油相单体浓度 | H50: 油相单体浓度_单位 | I50: TMC | J50: 1.0 | K50: wt% | L50: TMC | M50: 1 | N50: wt% | O50: organic | P50: column_hint | Q50: solid | R50: chemical_knowledge | S50: WT_PERCENT | T50: 1 | U50: DIRECT_WT | V50: Organic monomer TMC concentration is given as wt% in organic phase with clear unit and value. | W50: TMC | X50: 1 | Y50: wt% | Z50: TMC | AA50: 1 | AB50: wt% | AC50: DIRECT_WT | AD50: Organic monomer TMC concentration is given as wt% in organic phase with clear unit and value. | AE50: 0 | AF50: HIGH | AG50: FALSE
A51: 8 | B51: Lysozyme-immobilized Polyamide RO membrane | C51: test_nacl | D51: 测试NaCl | E51: 1 | G51: 测试NaCl浓度 | H51: 测试NaCl浓度_单位 | I51: NaCl | J51: 0.05 | K51: wt% | L51: NaCl | M51: 0.05 | N51: wt% | O51: test_aqueous | P51: column_hint | Q51: solid | R51: chemical_knowledge | S51: WT_PERCENT | T51: 0.05 | U51: DIRECT_WT | V51: Raw unit is wt%, solute is NaCl, phase hint is test_aqueous, and value is numeric. | W51: NaCl | X51: 0.05 | Y51: wt% | Z51: NaCl | AA51: 0.05 | AB51: wt% | AC51: DIRECT_WT | AD51: Raw unit is wt%, solute is NaCl, phase hint is test_aqueous, and value is numeric. | AE51: 0 | AF51: HIGH | AG51: FALSE
A52: 9 | B52: 15CC3@RO | C52: additive | D52: 添加剂 | E52: 1 | F52: 添加剂 | G52: 添加剂浓度 | H52: 添加剂浓度_单位 | I52: TEA | J52: 1.1 | K52: w/v% | L52: TEA | M52: 1.1 | N52: w/v% | O52: aqueous | P52: row_context | Q52: liquid | R52: chemical_knowledge | S52: WV_PERCENT | U52: CANNOT_CONVERT | V52: Unit w/v% indicates weight/volume percent, requiring density and molecular weight for conversion to wt%. | W52: TEA | X52: 1.1 | Y52: w/v% | Z52: TEA | AA52: 1.1 | AB52: w/v% | AC52: CANNOT_CONVERT | AD52: Unit w/v% indicates weight/volume percent, requiring density and molecular weight for conversion to wt%. | AE52: 2 | AF52: HIGH | AG52: TRUE | AH52: DENSITY; MOLECULAR_WEIGHT
A53: 9 | B53: 15CC3@RO | C53: additive | D53: 添加剂 | E53: 2 | F53: 添加剂 | G53: 添加剂浓度 | H53: 添加剂浓度_单位 | I53: CSA | J53: 2.6 | K53: w/v% | L53: CSA | M53: 2.6 | N53: w/v% | O53: aqueous | P53: row_context | Q53: solid | R53: chemical_knowledge | S53: WV_PERCENT | U53: CANNOT_CONVERT | V53: Unit w/v% indicates weight/volume percent, requiring density and molecular weight for conversion to wt%. | W53: CSA | X53: 2.6 | Y53: w/v% | Z53: CSA | AA53: 2.6 | AB53: w/v% | AC53: CANNOT_CONVERT | AD53: Unit w/v% indicates weight/volume percent, requiring density and molecular weight for conversion to wt%. | AE53: 2 | AF53: HIGH | AG53: TRUE | AH53: DENSITY; MOLECULAR_WEIGHT
A54: 9 | B54: 15CC3@RO | C54: aqueous_monomer | D54: 水相单体 | E54: 1 | F54: 水相单体 | G54: 水相单体浓度 | H54: 水相单体浓度_单位 | I54: MPD | J54: 2.0 | K54: w/v% | L54: MPD | M54: 2 | N54: w/v% | O54: aqueous | P54: column_hint | Q54: solid | R54: chemical_knowledge | S54: WV_PERCENT | U54: CANNOT_CONVERT | V54: Unit w/v% indicates weight/volume percent, requiring density for conversion to wt% which is not provided in context. | W54: MPD | X54: 2 | Y54: w/v% | Z54: MPD | AA54: 2 | AB54: w/v% | AC54: CANNOT_CONVERT | AD54: Unit w/v% indicates weight/volume percent, requiring density for conversion to wt% which is not provided in context. | AE54: 2 | AF54: HIGH | AG54: FALSE
A55: 9 | B55: 15CC3@RO | C55: modifier | D55: 改性剂 | E55: 1 | F55: 改性剂 | G55: 改性剂浓度 | H55: 改性剂浓度_单位 | I55: CC3 | J55: 0.015 | K55: w/v% | L55: CC3 | M55: 0.015 | N55: w/v% | O55: unknown | P55: unknown | Q55: unknown | R55: unknown | S55: WV_PERCENT | U55: CANNOT_CONVERT | V55: Unit 'w/v%' indicates weight/volume percent, but solvent and solute properties are unknown for conversion to wt%. | W55: CC3 | X55: 0.015 | Y55: w/v% | Z55: CC3 | AA55: 0.015 | AB55: w/v% | AC55: CANNOT_CONVERT | AD55: Unit 'w/v%' indicates weight/volume percent, but solvent and solute properties are unknown for conversion to wt%. | AE55: 2 | AF55: MEDIUM | AG55: TRUE | AH55: SOLVENT_TYPE; DENSITY; MOLECULAR_WEIGHT
A56: 9 | B56: 15CC3@RO | C56: organic_monomer | D56: 油相单体 | E56: 1 | F56: 油相单体 | G56: 油相单体浓度 | H56: 油相单体浓度_单位 | I56: TMC | J56: 0.1 | K56: w/v% | L56: TMC | M56: 0.1 | N56: w/v% | O56: organic | P56: column_hint | Q56: solid | R56: chemical_knowledge | S56: WV_PERCENT | U56: CANNOT_CONVERT | V56: Unit w/v% indicates weight/volume percent, requiring density and molecular weight for conversion to wt%. | W56: TMC | X56: 0.1 | Y56: w/v% | Z56: TMC | AA56: 0.1 | AB56: w/v% | AC56: CANNOT_CONVERT | AD56: Unit w/v% indicates weight/volume percent, requiring density and molecular weight for conversion to wt%. | AE56: 2 | AF56: HIGH | AG56: TRUE | AH56: DENSITY; MOLECULAR_WEIGHT
A57: 9 | B57: 15CC3@RO | C57: test_nacl | D57: 测试NaCl | E57: 1 | G57: 测试NaCl浓度 | H57: 测试NaCl浓度_单位 | I57: NaCl | J57: 2000.0 | K57: ppm | L57: NaCl | M57: 2000 | N57: ppm | O57: test_aqueous | P57: column_hint | Q57: solid | R57: chemical_knowledge | S57: NOT_PERCENT_UNIT | T57: 0.2 | U57: SAFE_CONVERTED | V57: NaCl concentration in ppm is clearly defined and can be safely converted to wt% for aqueous solutions. | W57: NaCl | X57: 0.2 | Y57: wt% | Z57: NaCl | AA57: 0.2 | AB57: wt% | AC57: SAFE_CONVERTED | AD57: NaCl concentration in ppm is clearly defined and can be safely converted to wt% for aqueous solutions. | AE57: 0 | AF57: HIGH | AG57: FALSE
A58: 10 | B58: TFCM0.5 | C58: additive | D58: 添加剂 | E58: 1 | F58: 添加剂 | G58: 添加剂浓度 | H58: 添加剂浓度_单位 | I58: TEA | J58: 2 | K58: w/w% | L58: TEA | M58: 2 | N58: w/w% | O58: aqueous | P58: row_context | Q58: liquid | R58: chemical_knowledge | S58: WT_PERCENT | T58: 2 | U58: DIRECT_WT | V58: Unit w/w% clearly indicates weight percent, additive TEA is likely in aqueous phase based on row context. | W58: TEA | X58: 2 | Y58: wt% | Z58: TEA | AA58: 2 | AB58: wt% | AC58: DIRECT_WT | AD58: Unit w/w% clearly indicates weight percent, additive TEA is likely in aqueous phase based on row context. | AE58: 0 | AF58: HIGH | AG58: FALSE
A59: 10 | B59: TFCM0.5 | C59: additive | D59: 添加剂 | E59: 2 | F59: 添加剂 | G59: 添加剂浓度 | H59: 添加剂浓度_单位 | I59: CSA | J59: 4.6 | K59: w/w% | L59: CSA | M59: 4.6 | N59: w/w% | O59: aqueous | P59: row_context | Q59: solid | R59: chemical_knowledge | S59: WT_PERCENT | T59: 4.6 | U59: DIRECT_WT | V59: Unit w/w% directly indicates weight percent, additive CSA is likely solid and in aqueous phase based on row context. | W59: CSA | X59: 4.6 | Y59: wt% | Z59: CSA | AA59: 4.6 | AB59: wt% | AC59: DIRECT_WT | AD59: Unit w/w% directly indicates weight percent, additive CSA is likely solid and in aqueous phase based on row context. | AE59: 0 | AF59: HIGH | AG59: FALSE
A60: 10 | B60: TFCM0.5 | C60: additive | D60: 添加剂 | E60: 3 | F60: 添加剂 | G60: 添加剂浓度 | H60: 添加剂浓度_单位 | I60: Mim | J60: 0.5 | K60: w/w% | L60: Mim | M60: 0.5 | N60: w/w% | O60: aqueous | P60: row_context | Q60: unknown | R60: unknown | S60: WT_PERCENT | T60: 0.5 | U60: DIRECT_WT | V60: Unit w/w% indicates weight percent, mapping is one-to-one, and additive likely in aqueous phase based on row context. | W60: Mim | X60: 0.5 | Y60: wt% | Z60: Mim | AA60: 0.5 | AB60: wt% | AC60: DIRECT_WT | AD60: Unit w/w% indicates weight percent, mapping is one-to-one, and additive likely in aqueous phase based on row context. | AE60: 0 | AF60: HIGH | AG60: FALSE
A61: 10 | B61: TFCM0.5 | C61: aqueous_monomer | D61: 水相单体 | E61: 1 | F61: 水相单体 | G61: 水相单体浓度 | H61: 水相单体浓度_单位 | I61: MPD | J61: 2.0 | K61: w/w% | L61: MPD | M61: 2 | N61: w/w% | O61: aqueous | P61: column_hint | Q61: solid | R61: chemical_knowledge | S61: WT_PERCENT | T61: 2 | U61: DIRECT_WT | V61: Clear single solute with explicit w/w% unit in aqueous phase. | W61: MPD | X61: 2 | Y61: wt% | Z61: MPD | AA61: 2 | AB61: wt% | AC61: DIRECT_WT | AD61: Clear single solute with explicit w/w% unit in aqueous phase. | AE61: 0 | AF61: HIGH | AG61: FALSE
A62: 10 | B62: TFCM0.5 | C62: modifier | D62: 改性剂 | E62: 1 | F62: 改性剂 | G62: 改性剂浓度 | H62: 改性剂浓度_单位 | O62: unknown | P62: unknown | Q62: unknown | R62: unknown | S62: NOT_PERCENT_UNIT | U62: FAILED_PARSE | V62: No modifier data provided in row context. | AC62: FAILED_PARSE | AD62: No modifier data provided in row context. | AE62: 2 | AF62: HIGH | AG62: FALSE
A63: 10 | B63: TFCM0.5 | C63: organic_monomer | D63: 油相单体 | E63: 1 | F63: 油相单体 | G63: 油相单体浓度 | H63: 油相单体浓度_单位 | I63: TMC | J63: 0.1 | K63: w/v% | L63: TMC | M63: 0.1 | N63: w/v% | O63: organic | P63: column_hint | Q63: solid | R63: chemical_knowledge | S63: VOL_PERCENT | U63: CANNOT_CONVERT | V63: Unit w/v% indicates volume percent, but conversion to wt% requires density and molecular weight not provided in context. | W63: TMC | X63: 0.1 | Y63: w/v% | Z63: TMC | AA63: 0.1 | AB63: w/v% | AC63: CANNOT_CONVERT | AD63: Unit w/v% indicates volume percent, but conversion to wt% requires density and molecular weight not provided in context. | AE63: 2 | AF63: MEDIUM | AG63: TRUE | AH63: DENSITY; MOLECULAR_WEIGHT
A64: 10 | B64: TFCM0.5 | C64: test_nacl | D64: 测试NaCl | E64: 1 | G64: 测试NaCl浓度 | H64: 测试NaCl浓度_单位 | I64: NaCl | J64: 2000.0 | K64: mg/L | L64: NaCl | M64: 2000 | N64: mg/L | O64: test_aqueous | P64: column_hint | Q64: solid | R64: chemical_knowledge | S64: NOT_PERCENT_UNIT | T64: 0.2 | U64: SAFE_CONVERTED | V64: NaCl concentration in mg/L can be safely converted to wt% assuming solution density ~1 g/mL. | W64: NaCl | X64: 0.2 | Y64: wt% | Z64: NaCl | AA64: 0.2 | AB64: wt% | AC64: SAFE_CONVERTED | AD64: NaCl concentration in mg/L can be safely converted to wt% assuming solution density ~1 g/mL. | AE64: 0 | AF64: HIGH | AG64: FALSE
A65: 11 | B65: Filmtec-SW30HR-g-3SBMA | C65: additive | D65: 添加剂 | E65: 1 | F65: 添加剂 | G65: 添加剂浓度 | H65: 添加剂浓度_单位 | I65: Triethylamine | J65: 0.111 | K65: M | L65: Triethylamine | M65: 0.111 | N65: M | O65: organic | P65: row_context | Q65: liquid | R65: chemical_knowledge | S65: NOT_PERCENT_UNIT | U65: CANNOT_CONVERT | V65: Molar concentration requires molecular weight and density for conversion to wt%, which are not provided in context. | W65: Triethylamine | X65: 0.111 | Y65: M | Z65: Triethylamine | AA65: 0.111 | AB65: M | AC65: CANNOT_CONVERT | AD65: Molar concentration requires molecular weight and density for conversion to wt%, which are not provided in context. | AE65: 2 | AF65: MEDIUM | AG65: TRUE | AH65: MOLECULAR_WEIGHT; DENSITY; SOLVENT_TYPE
A66: 11 | B66: Filmtec-SW30HR-g-3SBMA | C66: additive | D66: 添加剂 | E66: 2 | F66: 添加剂 | G66: 添加剂浓度 | H66: 添加剂浓度_单位 | I66: CuCl2 | J66: 4.41e-5 | K66: M | L66: CuCl2 | M66: 4.41e-05 | N66: M | O66: unknown | P66: unknown | Q66: solid | R66: chemical_knowledge | S66: NOT_PERCENT_UNIT | U66: CANNOT_CONVERT | V66: CuCl2 concentration in molarity requires solvent, molecular weight, and density for conversion to wt%, which are not provided in context. | W66: CuCl2 | X66: 4.41e-05 | Y66: M | Z66: CuCl2 | AA66: 4.41e-05 | AB66: M | AC66: CANNOT_CONVERT | AD66: CuCl2 concentration in molarity requires solvent, molecular weight, and density for conversion to wt%, which are not provided in context. | AE66: 2 | AF66: MEDIUM | AG66: TRUE | AH66: SOLVENT_TYPE; MOLECULAR_WEIGHT; DENSITY
A67: 11 | B67: Filmtec-SW30HR-g-3SBMA | C67: additive | D67: 添加剂 | E67: 3 | F67: 添加剂 | G67: 添加剂浓度 | H67: 添加剂浓度_单位 | I67: TPMA | J67: 4.41e-4 | K67: M | L67: TPMA | M67: 0.000441 | N67: M | O67: unknown | P67: unknown | Q67: unknown | R67: unknown | S67: NOT_PERCENT_UNIT | U67: CANNOT_CONVERT | V67: TPMA identity and phase unclear; molarity conversion requires molecular weight and density not provided. | W67: TPMA | X67: 0.000441 | Y67: M | Z67: TPMA | AA67: 0.000441 | AB67: M | AC67: CANNOT_CONVERT | AD67: TPMA identity and phase unclear; molarity conversion requires molecular weight and density not provided. | AE67: 2 | AF67: LOW | AG67: TRUE | AH67: SOLUTE_IDENTITY; PHASE_TYPE; MOLECULAR_WEIGHT; DENSITY
A68: 11 | B68: Filmtec-SW30HR-g-3SBMA | C68: additive | D68: 添加剂 | E68: 4 | F68: 添加剂 | G68: 添加剂浓度 | H68: 添加剂浓度_单位 | I68: Ascorbic acid | J68: 0.68 | K68: M | L68: Ascorbic acid | M68: 0.68 | N68: M | O68: aqueous | P68: row_context | Q68: solid | R68: chemical_knowledge | S68: NOT_PERCENT_UNIT | U68: CANNOT_CONVERT | V68: Ascorbic acid is a solid additive with molar concentration in an aqueous phase, but conversion to wt% requires molecular weight, density, and solvent information not provided. | W68: Ascorbic acid | X68: 0.68 | Y68: M | Z68: Ascorbic acid | AA68: 0.68 | AB68: M | AC68: CANNOT_CONVERT | AD68: Ascorbic acid is a solid additive with molar concentration in an aqueous phase, but conversion to wt% requires molecular weight, density, and solvent information not provided. | AE68: 2 | AF68: MEDIUM | AG68: TRUE | AH68: MOLECULAR_WEIGHT; DENSITY; SOLVENT_TYPE
A69: 11 | B69: Filmtec-SW30HR-g-3SBMA | C69: aqueous_monomer | D69: 水相单体 | E69: 1 | F69: 水相单体 | G69: 水相单体浓度 | H69: 水相单体浓度_单位 | I69: 3-SBMA | J69: 0.219 | K69: M | L69: 3-SBMA | M69: 0.219 | N69: M | O69: aqueous | P69: column_hint | Q69: unknown | R69: unknown | S69: NOT_PERCENT_UNIT | U69: CANNOT_CONVERT | V69: Unit is molarity (M), requiring molecular weight and density for conversion to wt%, which are not provided in context. | W69: 3-SBMA | X69: 0.219 | Y69: M | Z69: 3-SBMA | AA69: 0.219 | AB69: M | AC69: CANNOT_CONVERT | AD69: Unit is molarity (M), requiring molecular weight and density for conversion to wt%, which are not provided in context. | AE69: 2 | AF69: HIGH | AG69: FALSE
A70: 11 | B70: Filmtec-SW30HR-g-3SBMA | C70: modifier | D70: 改性剂 | E70: 1 | F70: 改性剂 | G70: 改性剂浓度 | H70: 改性剂浓度_单位 | O70: unknown | P70: unknown | Q70: unknown | R70: unknown | S70: NOT_PERCENT_UNIT | U70: FAILED_PARSE | V70: Modifier slot is empty with no raw data provided. | AC70: FAILED_PARSE | AD70: Modifier slot is empty with no raw data provided. | AE70: 2 | AF70: HIGH | AG70: FALSE
A71: 11 | B71: Filmtec-SW30HR-g-3SBMA | C71: organic_monomer | D71: 油相单体 | E71: 1 | F71: 油相单体 | G71: 油相单体浓度 | H71: 油相单体浓度_单位 | I71: 2-bromoisobutyryl bromide | J71: 0.054 | K71: M | L71: 2-bromoisobutyryl bromide | M71: 0.054 | N71: M | O71: organic | P71: column_hint | Q71: liquid | R71: chemical_knowledge | S71: NOT_PERCENT_UNIT | U71: CANNOT_CONVERT | V71: Unit is molarity (M), requiring molecular weight and density for conversion to wt%, which are not provided in context. | W71: 2-bromoisobutyryl bromide | X71: 0.054 | Y71: M | Z71: 2-bromoisobutyryl bromide | AA71: 0.054 | AB71: M | AC71: CANNOT_CONVERT | AD71: Unit is molarity (M), requiring molecular weight and density for conversion to wt%, which are not provided in context. | AE71: 2 | AF71: HIGH | AG71: FALSE
A72: 11 | B72: Filmtec-SW30HR-g-3SBMA | C72: test_nacl | D72: 测试NaCl | E72: 1 | G72: 测试NaCl浓度 | H72: 测试NaCl浓度_单位 | I72: NaCl | J72: 36000.0 | K72: ppm | L72: NaCl | M72: 36000 | N72: ppm | O72: test_aqueous | P72: column_hint | Q72: solid | R72: chemical_knowledge | S72: NOT_PERCENT_UNIT | T72: 3.6 | U72: SAFE_CONVERTED | V72: NaCl concentration in ppm can be directly converted to wt% using standard conversion factor. | W72: NaCl | X72: 3.6 | Y72: wt% | Z72: NaCl | AA72: 3.6 | AB72: wt% | AC72: SAFE_CONVERTED | AD72: NaCl concentration in ppm can be directly converted to wt% using standard conversion factor. | AE72: 0 | AF72: HIGH | AG72: FALSE
A73: 12 | B73: TFN0.1 | C73: additive | D73: 添加剂 | E73: 1 | F73: 添加剂 | G73: 添加剂浓度 | H73: 添加剂浓度_单位 | I73: HNTs | J73: 0.1 | K73: wt/v% | L73: HNTs | M73: 0.1 | N73: wt/v% | O73: unknown | P73: unknown | Q73: solid | R73: chemical_knowledge | S73: WV_PERCENT | U73: CANNOT_CONVERT | V73: Unit 'wt/v%' indicates weight/volume percent, but density of HNTs is unknown for conversion to wt%. | W73: HNTs | X73: 0.1 | Y73: wt/v% | Z73: HNTs | AA73: 0.1 | AB73: wt/v% | AC73: CANNOT_CONVERT | AD73: Unit 'wt/v%' indicates weight/volume percent, but density of HNTs is unknown for conversion to wt%. | AE73: 2 | AF73: MEDIUM | AG73: TRUE | AH73: PHASE_TYPE; DENSITY
A74: 12 | B74: TFN0.1 | C74: aqueous_monomer | D74: 水相单体 | E74: 1 | F74: 水相单体 | G74: 水相单体浓度 | H74: 水相单体浓度_单位 | I74: MPD | J74: 2.0 | K74: wt% | L74: MPD | M74: 2 | N74: wt% | O74: aqueous | P74: column_hint | Q74: solid | R74: chemical_knowledge | S74: WT_PERCENT | T74: 2 | U74: DIRECT_WT | V74: Raw unit is wt%, solute is MPD from aqueous_monomer column, phase is aqueous, and value is numeric. | W74: MPD | X74: 2 | Y74: wt% | Z74: MPD | AA74: 2 | AB74: wt% | AC74: DIRECT_WT | AD74: Raw unit is wt%, solute is MPD from aqueous_monomer column, phase is aqueous, and value is numeric. | AE74: 0 | AF74: HIGH | AG74: FALSE
A75: 12 | B75: TFN0.1 | C75: modifier | D75: 改性剂 | E75: 1 | F75: 改性剂 | G75: 改性剂浓度 | H75: 改性剂浓度_单位 | O75: unknown | P75: unknown | Q75: unknown | R75: unknown | S75: NOT_PERCENT_UNIT | U75: FAILED_PARSE | V75: No modifier data provided in row context. | AC75: FAILED_PARSE | AD75: No modifier data provided in row context. | AE75: 2 | AF75: HIGH | AG75: FALSE
A76: 12 | B76: TFN0.1 | C76: organic_monomer | D76: 油相单体 | E76: 1 | F76: 油相单体 | G76: 油相单体浓度 | H76: 油相单体浓度_单位 | I76: TMC | J76: 0.1 | K76: wt% | L76: TMC | M76: 0.1 | N76: wt% | O76: organic | P76: column_hint | Q76: solid | R76: chemical_knowledge | S76: WT_PERCENT | T76: 0.1 | U76: DIRECT_WT | V76: Unit is explicitly wt% and solute is clearly TMC in organic phase with solvent context. | W76: TMC | X76: 0.1 | Y76: wt% | Z76: TMC | AA76: 0.1 | AB76: wt% | AC76: DIRECT_WT | AD76: Unit is explicitly wt% and solute is clearly TMC in organic phase with solvent context. | AE76: 0 | AF76: HIGH | AG76: FALSE
A77: 12 | B77: TFN0.1 | C77: test_nacl | D77: 测试NaCl | E77: 1 | G77: 测试NaCl浓度 | H77: 测试NaCl浓度_单位 | I77: NaCl | J77: 2000.0 | K77: ppm | L77: NaCl | M77: 2000 | N77: ppm | O77: test_aqueous | P77: column_hint | Q77: solid | R77: chemical_knowledge | S77: NOT_PERCENT_UNIT | T77: 0.2 | U77: SAFE_CONVERTED | V77: NaCl concentration in ppm is clearly defined and can be safely converted to wt% for aqueous solutions. | W77: NaCl | X77: 0.2 | Y77: wt% | Z77: NaCl | AA77: 0.2 | AB77: wt% | AC77: SAFE_CONVERTED | AD77: NaCl concentration in ppm is clearly defined and can be safely converted to wt% for aqueous solutions. | AE77: 0 | AF77: HIGH | AG77: FALSE
A78: 13 | B78: (0.1:0.013%) N-IPAAm/MBAAm/CA/CTA-RO membrane | C78: additive | D78: 添加剂 | E78: 1 | F78: 添加剂 | G78: 添加剂浓度 | H78: 添加剂浓度_单位 | I78: Potassium persulfate | J78: 1.5 | K78: % | L78: Potassium persulfate | M78: 1.5 | N78: % | O78: aqueous | P78: row_context | Q78: solid | R78: chemical_knowledge | S78: WT_PERCENT | T78: 1.5 | U78: ASSUMED_CONVERTED | V78: Unit '%' ambiguous; insufficient context to determine percent type or solvent for conversion.; plain % interpreted as wt% with solid-solute bias | W78: Potassium persulfate | X78: 1.5 | Y78: wt% | Z78: Potassium persulfate | AA78: 1.5 | AB78: wt% | AC78: ASSUMED_CONVERTED | AD78: Unit '%' ambiguous; insufficient context to determine percent type or solvent for conversion.; plain % interpreted as wt% with solid-solute bias | AE78: 2 | AF78: MEDIUM | AG78: TRUE | AH78: PERCENT_TYPE; SOLVENT_TYPE; MOLECULAR_WEIGHT; DENSITY
A79: 13 | B79: (0.1:0.013%) N-IPAAm/MBAAm/CA/CTA-RO membrane | C79: additive | D79: 添加剂 | E79: 2 | F79: 添加剂 | G79: 添加剂浓度 | H79: 添加剂浓度_单位 | I79: Sodium hydroxide | J79: 0.014 | K79: % | L79: Sodium hydroxide | M79: 0.014 | N79: % | O79: aqueous | P79: row_context | Q79: solid | R79: chemical_knowledge | S79: WT_PERCENT | T79: 0.014 | U79: ASSUMED_CONVERTED | V79: Sodium hydroxide is likely in aqueous phase, but '%' unit is ambiguous without context for percent type.; plain % interpreted as wt% with solid-solute bias | W79: Sodium hydroxide | X79: 0.014 | Y79: wt% | Z79: Sodium hydroxide | AA79: 0.014 | AB79: wt% | AC79: ASSUMED_CONVERTED | AD79: Sodium hydroxide is likely in aqueous phase, but '%' unit is ambiguous without context for percent type.; plain % interpreted as wt% with solid-solute bias | AE79: 2 | AF79: MEDIUM | AG79: TRUE | AH79: PERCENT_TYPE
A80: 13 | B80: (0.1:0.013%) N-IPAAm/MBAAm/CA/CTA-RO membrane | C80: aqueous_monomer | D80: 水相单体 | E80: 1 | F80: 水相单体 | G80: 水相单体浓度 | H80: 水相单体浓度_单位 | I80: N-IPAAm | J80: 0.1 | K80: % | L80: N-IPAAm | M80: 0.1 | N80: % | O80: aqueous | P80: column_hint | Q80: solid | R80: chemical_knowledge | S80: WT_PERCENT | T80: 0.1 | U80: ASSUMED_CONVERTED | V80: Unit '%' is ambiguous without context for percent type, solvent, or solute properties.; plain % interpreted as wt% with solid-solute bias | W80: N-IPAAm | X80: 0.1 | Y80: wt% | Z80: N-IPAAm | AA80: 0.1 | AB80: wt% | AC80: ASSUMED_CONVERTED | AD80: Unit '%' is ambiguous without context for percent type, solvent, or solute properties.; plain % interpreted as wt% with solid-solute bias | AE80: 2 | AF80: MEDIUM | AG80: TRUE | AH80: PERCENT_TYPE; SOLVENT_TYPE; MOLECULAR_WEIGHT; DENSITY
A81: 13 | B81: (0.1:0.013%) N-IPAAm/MBAAm/CA/CTA-RO membrane | C81: modifier | D81: 改性剂 | E81: 1 | F81: 改性剂 | G81: 改性剂浓度 | H81: 改性剂浓度_单位 | I81: N-IPAAm | J81: 0.1 | K81: % | L81: N-IPAAm | M81: 0.1 | N81: % | O81: unknown | P81: unknown | Q81: solid | R81: chemical_knowledge | S81: WT_PERCENT | T81: 0.1 | U81: ASSUMED_CONVERTED | V81: Modifier concentration meaning ambiguous; '%' unit unclear without solvent or phase context.; plain % interpreted as wt% with solid-solute bias | W81: N-IPAAm | X81: 0.1 | Y81: wt% | Z81: N-IPAAm | AA81: 0.1 | AB81: wt% | AC81: ASSUMED_CONVERTED | AD81: Modifier concentration meaning ambiguous; '%' unit unclear without solvent or phase context.; plain % interpreted as wt% with solid-solute bias | AE81: 2 | AF81: MEDIUM | AG81: TRUE | AH81: PERCENT_TYPE; PHASE_TYPE; SOLVENT_TYPE
A82: 13 | B82: (0.1:0.013%) N-IPAAm/MBAAm/CA/CTA-RO membrane | C82: modifier | D82: 改性剂 | E82: 2 | F82: 改性剂 | G82: 改性剂浓度 | H82: 改性剂浓度_单位 | I82: MBAAm | J82: 0.013 | K82: % | L82: MBAAm | M82: 0.013 | N82: % | O82: unknown | P82: unknown | Q82: solid | R82: chemical_knowledge | S82: WT_PERCENT | T82: 0.013 | U82: ASSUMED_CONVERTED | V82: Modifier MBAAm with unit '%' only; insufficient context to determine phase, solvent, or percent type.; plain % interpreted as wt% with solid-solute bias | W82: MBAAm | X82: 0.013 | Y82: wt% | Z82: MBAAm | AA82: 0.013 | AB82: wt% | AC82: ASSUMED_CONVERTED | AD82: Modifier MBAAm with unit '%' only; insufficient context to determine phase, solvent, or percent type.; plain % interpreted as wt% with solid-solute bias | AE82: 2 | AF82: MEDIUM | AG82: TRUE | AH82: PHASE_TYPE; PERCENT_TYPE; SOLVENT_TYPE
A83: 13 | B83: (0.1:0.013%) N-IPAAm/MBAAm/CA/CTA-RO membrane | C83: organic_monomer | D83: 油相单体 | E83: 1 | F83: 油相单体 | G83: 油相单体浓度 | H83: 油相单体浓度_单位 | I83: MBAAm | J83: 0.013 | K83: % | L83: MBAAm | M83: 0.013 | N83: % | O83: organic | P83: column_hint | Q83: solid | R83: chemical_knowledge | S83: WT_PERCENT | T83: 0.013 | U83: ASSUMED_CONVERTED | V83: Unit '%' is ambiguous without context for percent type, solvent, or solute properties.; plain % interpreted as wt% with solid-solute bias | W83: MBAAm | X83: 0.013 | Y83: wt% | Z83: MBAAm | AA83: 0.013 | AB83: wt% | AC83: ASSUMED_CONVERTED | AD83: Unit '%' is ambiguous without context for percent type, solvent, or solute properties.; plain % interpreted as wt% with solid-solute bias | AE83: 2 | AF83: MEDIUM | AG83: TRUE | AH83: PERCENT_TYPE; SOLVENT_TYPE; MOLECULAR_WEIGHT; DENSITY
A84: 13 | B84: (0.1:0.013%) N-IPAAm/MBAAm/CA/CTA-RO membrane | C84: test_nacl | D84: 测试NaCl | E84: 1 | G84: 测试NaCl浓度 | H84: 测试NaCl浓度_单位 | I84: NaCl | J84: 10000.0 | K84: ppm | L84: NaCl | M84: 10000 | N84: ppm | O84: test_aqueous | P84: column_hint | Q84: solid | R84: chemical_knowledge | S84: NOT_PERCENT_UNIT | T84: 1 | U84: SAFE_CONVERTED | V84: NaCl concentration in ppm is clearly defined and can be safely converted to wt% for aqueous solutions. | W84: NaCl | X84: 1 | Y84: wt% | Z84: NaCl | AA84: 1 | AB84: wt% | AC84: SAFE_CONVERTED | AD84: NaCl concentration in ppm is clearly defined and can be safely converted to wt% for aqueous solutions. | AE84: 0 | AF84: HIGH | AG84: FALSE

Sheet summary
A1: metric | B1: value
A2: total_rows | B2: 14
A3: total_slot_items | B3: 83
A4: wtpercent_status__ASSUMED_CONVERTED | B4: 6
A5: wtpercent_status__CANNOT_CONVERT | B5: 31
A6: wtpercent_status__DIRECT_WT | B6: 18
A7: wtpercent_status__FAILED_PARSE | B7: 15
A8: wtpercent_status__NEED_TRACEBACK | B8: 1
A9: wtpercent_status__SAFE_CONVERTED | B9: 12
A10: parse_status__EMPTY_ALL | B10: 14
A11: parse_status__EMPTY_SOLUTE | B11: 0
A12: parse_status__EMPTY_UNIT | B12: 0
A13: parse_status__EMPTY_VALUE | B13: 1
... A21: review_rows | B21: 53
